X1,FILE_ID,ROMANIZED_TITLE,AUTHOR_LAST,AUTHOR_FIRST,DATE,GENRE,NARRATOR,IK_ENT,thought,textlength,pronouns,YulesK,YulesI,GuiraudC,ttr_mean,ttr_sd,ttr_norm,ttr_cumsum,ent_mean,ent_sd,ent_norm,ent_cumsum,nonpara_ent,period,punct,stopword
0,R_dig_001,Muyangaihua,Guo ,Moruo,1918,ROMANTIC,1,8.126770916,0.002836305,4936,0.032820097,58.91250902,169.7432373,0.250257113,0.521709293,0.033753063,0.034438071,0.34,5.729050333,0.121000469,0.317441276,0.332,8.126770916,0.043715847,0.198907104,0.378415301
1,R_dig_002,Hanguguan,Guo ,Moruo,1923,ROMANTIC,0,6.279777526,0.006293706,4290,0.047785548,131.4251513,76.08893655,0.250090942,0.463633465,0.045813459,0.015591844,0.664,5.34912357,0.148537619,0.134927438,0.318,6.279777526,0.033759124,0.163017032,0.479927007
2,R_dig_003,Lobenicht deta,Guo ,Moruo,1924,ROMANTIC,0,6.279777526,0.006545197,5653,0.038563595,145.7932835,68.59026534,0.25,0.483864835,0.019348028,0.011991355,0.572,5.292173083,0.088103105,0.017189852,0.25,6.279777526,0.032388664,0.237913789,0.425101215
3,R_dig_004,Shuzai,Guo ,Moruo,1920,ROMANTIC,0,5.48234546,0.006292135,2225,0.048089888,168.4141427,59.37743613,0.25018615,0.390983001,NA,0.033163341,1,5.371167157,NA,0.094174031,1,5.48234546,0.028340081,0.217466744,0.45112782
4,R_dig_005,Canchun,Guo ,Moruo,1922,ROMANTIC,1,6.907755279,0.005144869,7386,0.051313295,93.41822926,107.0454887,0.250833148,0.475680463,0.036661497,0.014604869,0.408,5.435047863,0.122802466,0.128370162,0.342,6.907755279,0.037083259,0.194152255,0.454983063
5,R_dig_006,Weiyang,Guo ,Moruo,1922,ROMANTIC,0,6.977530585,0.0052961,2077,0.028887819,87.22523395,114.6457229,0.250592885,0.467245462,NA,0.044689818,1,5.749891139,NA,0.331866536,1,6.977530585,0.036175711,0.181524548,0.410852713
6,R_dig_007,Yueshi,Guo ,Moruo,1923,ROMANTIC,1,6.455846055,0.007236545,6633,0.039800995,98.08599343,101.9513556,0.25081761,0.453939695,0.02959965,0.006386106,0.688,5.466658365,0.105718081,0.122089108,0.474,6.455846055,0.03666194,0.192221997,0.473364391
7,R_dig_008,Shengzhe,Guo ,Moruo,1924,ROMANTIC,0,6.516750263,0.006777108,3984,0.025853414,93.81059929,106.5977627,0.250530335,0.43726382,0.025690147,0.016273546,1,5.573871427,0.113021487,0.201426818,0.49,6.516750263,0.036084196,0.209488807,0.441363181
8,R_dig_009,Qilu,Guo ,Moruo,1924,ROMANTIC,0,6.772309097,0.004021448,7460,0.042493298,118.5943432,84.32105383,0.250569736,0.490051612,0.018435392,0.01492754,0.226,5.417042769,0.077224107,0.066203956,0.084,6.772309097,0.033910534,0.20544733,0.446608947
9,R_dig_010,Lianyu,Guo ,Moruo,1924,ROMANTIC,0,7.939948597,0.006037859,6128,0.031984334,95.06462112,105.1916042,0.250601122,0.503536166,0.032885222,0.021607672,0.33,5.555089308,0.120223424,0.216836919,0.176,7.939948597,0.035276074,0.177256792,0.453549518
10,R_dig_011,Shizijia,Guo ,Moruo,1924,ROMANTIC,1,5.904064341,0.007111111,7875,0.042539683,111.7636987,89.47449049,0.250256726,0.441198458,0.034370315,-0.001219633,0.834,5.373577192,0.103232101,0.104226941,0.986,5.904064341,0.032873446,0.1641969,0.500936808
11,R_dig_012,Sanshirenzhisi,Guo ,Moruo,1924,ROMANTIC,1,6.223202954,0.003574164,3917,0.028338014,113.9560697,87.75311424,0.251055743,0.430066623,0.004193741,0.017481718,0.502,5.506854146,0.042991686,0.175108223,1,6.223202954,0.041316527,0.165616246,0.467086835
12,R_dig_013,Yangchunbie,Guo ,Moruo,1924,ROMANTIC,0,7.348675829,0.007268554,2614,0.026778883,102.3274074,97.7255288,0.25119781,0.410884354,NA,0.03735102,1,5.674150524,NA,0.229861668,1,7.348675829,0.04357067,0.218916047,0.419234857
13,R_dig_014,Ke'ermeiluoguniang,Guo ,Moruo,1924,ROMANTIC,1,7.427693848,0.006742845,19428,0.070362364,155.759741,64.20144213,0.250695695,0.443942136,0.025334631,-0.011775562,0.374,5.193527682,0.11363704,0.022700992,0.572,7.427693848,0.033099636,0.172576513,0.504718889
14,R_dig_015,Reliyishang,Guo ,Moruo,1924,ROMANTIC,1,5.854029897,0.004038772,3714,0.048196015,121.321567,82.42557564,0.250337686,0.412341524,0.001125573,0.025048525,0.49,5.396137953,0.00151764,0.139594253,1,5.854029897,0.039166367,0.197987783,0.487243981
15,R_dig_016,Wanyin,Guo ,Moruo,1924,ROMANTIC,0,5.570770386,0.007485227,7615,0.048850952,140.0427907,71.40674613,0.250381513,0.443941731,0.032924717,-0.000117226,0.946,5.284519304,0.098690899,0.055247687,0.864,5.570770386,0.03090847,0.213968579,0.466530055
16,R_dig_017,Yeluotizhimu,Guo ,Moruo,1924,ROMANTIC,0,5.526204223,0.006259027,2077,0.040442947,137.7572776,72.59144617,0.25145955,0.417774086,NA,0.059330565,1,5.370389996,NA,0.277160752,1,5.526204223,0.044174136,0.229193342,0.466069142
17,R_dig_018,Tingzijianzhong,Guo ,Moruo,1925,ROMANTIC,0,6.642072384,0.006394641,3284,0.026492083,126.9825358,78.75098679,0.25,0.465316653,0.010605019,0.028984615,0.492,5.437147653,0.009930392,0.080610766,0.486,6.642072384,0.035887097,0.226209677,0.4375
18,R_dig_019,Huxinting,Guo ,Moruo,1925,ROMANTIC,1,6.455846055,0.005989063,11521,0.033070046,107.7401391,92.81591878,0.250106007,0.452373591,0.033997349,-0.019395023,0.236,5.359193499,0.109283722,0.067087433,0.374,6.455846055,0.029262087,0.178926671,0.482997918
19,R_dig_020,Luoye,Guo ,Moruo,1925,ROMANTIC,1,6.706558523,0.01166889,50219,0.045082538,161.6594103,61.8584466,0.250284558,0.395859923,0.033178333,-0.015209683,0.03,5.050876853,0.106368443,0.045942314,0.026,6.706558523,0.035175474,0.146107301,0.552238806
20,R_dig_021,Xinglunan,Guo ,Moruo,1925,ROMANTIC,0,6.839361662,0.005412899,30298,0.030034986,94.7550173,105.5353087,0.250124979,0.477465561,0.05367902,-0.012071432,0.248,5.385060341,0.173989945,0.064266667,0.652,6.839361662,0.038366227,0.199353925,0.457739623
21,R_scn_064,Yuanchu,Guo ,Moruo,1923,ROMANTIC,0,6.396069703,0.011585045,3798,0.050552923,129.1118853,77.45220339,0.250627615,0.422129968,0.015491279,0.014615421,0.532,5.438821412,0.116459559,0.13864251,1,6.396069703,0.029329609,0.161312849,0.482891061
22,R_dig_022,Chenlun,Yu ,Dafu,1921,ROMANTIC,0,5.954961447,0.010839834,19742,0.040370783,160.6848142,62.23363452,0.250620454,0.459842448,0.039953916,-0.045893737,0.166,5.159638972,0.112651155,0.205450031,0.556,5.954961447,0.033459975,0.218356329,0.460174632
23,R_dig_023,Caishiji,Yu ,Dafu,NA,ROMANTIC,0,7.508429651,0.008205856,9871,0.028163307,92.31785289,108.3214101,0.250364727,0.520195046,0.08538756,0.022707479,0.902,5.552491875,0.285897298,0.188179683,0.744,7.508429651,0.032146652,0.177205101,0.440223167
24,R_dig_024,Niaoluoxing,Yu ,Dafu,1923,ROMANTIC,1,6.977530585,0.007897631,10003,0.040887734,186.2065434,53.70380555,0.250080567,0.456083246,0.02986914,-0.008902569,0.082,5.203221118,0.067869962,0.096329974,0.336,6.977530585,0.025949954,0.173573415,0.505494505
25,R_dig_025,Chunfengshenzuidewanshang,Yu ,Dafu,1923,ROMANTIC,1,5.396683812,0.010521104,8079,0.046045303,153.3649453,65.20394852,0.250734286,0.45786405,0.024151979,0.010390243,0.186,5.255722756,0.056894229,0.119107984,0.178,5.396683812,0.027822974,0.165798894,0.514969086
26,R_dig_026,Guoqu,Yu ,Dafu,1927,ROMANTIC,1,7.590939867,0.008897331,10003,0.048285514,127.369882,78.51149616,0.250322685,0.449492661,0.017532827,0.012903234,0.178,5.303484916,0.059253172,0.17374099,0.686,7.590939867,0.030096833,0.186076943,0.51059932
27,R_dig_027,Qingyan,Yu ,Dafu,1923,ROMANTIC,1,8.223518189,0.004074784,4172,0.026605944,158.2622451,63.18626399,0.250194704,0.490750727,0.02566898,0.010182006,0.86,5.340219489,0.066803387,0.111113397,0.83,8.223518189,0.027883397,0.181558935,0.465779468
28,R_dig_028,Yinhuisedesi,Yu ,Dafu,1921,ROMANTIC,0,6.337390164,0.010288582,7970,0.037641154,169.1307298,59.12586089,0.250208247,0.430299809,0.031971709,0.014907056,0.466,5.230284477,0.124663153,0.106456331,0.708,6.337390164,0.032177392,0.196732244,0.478492831
29,R_dig_029,Lisanzhiqian,Yu ,Dafu,1923,ROMANTIC,0,6.059434455,0.005075151,5123,0.026937341,117.8043826,84.8864854,0.250080154,0.450513826,0.03063645,0.021349734,0.324,5.49012127,0.07706167,0.203238882,0.34,6.059434455,0.030901065,0.186964425,0.473123864
30,R_dig_030,Renyao,Yu ,Dafu,1923,ROMANTIC,0,8.743994024,0.017713366,3726,0.037305421,139.9183412,71.47025842,0.250964423,0.443113772,0.026614798,0.029550043,1,5.486952822,0.082370607,0.233028487,1,8.743994024,0.026532807,0.161348153,0.480817497
31,R_dig_031,Nanqian,Yu ,Dafu,1921,ROMANTIC,0,6.396069703,0.008744038,26418,0.025702173,152.1196267,65.73773694,0.250562021,0.454269877,0.034331586,-0.001969505,0.186,5.156230953,0.110536138,0.003279574,0.05,6.396069703,0.027990703,0.247762227,0.441570644
32,R_dig_032,Miyang,Yu ,Dafu,1928,ROMANTIC,1,5.854029897,0.010422421,54306,0.039848267,124.2540317,80.48028596,0.250050957,0.469922796,0.037861074,0.002769771,0.016,5.321477734,0.11393384,0.156044367,0,5.854029897,0.025488962,0.164939969,0.503824555
33,R_dig_033,Qiuhe,Yu ,Dafu,1923,ROMANTIC,0,7.675283643,0.00801655,3867,0.041117145,152.1944481,65.70541911,0.250707643,0.448770967,0.016292825,0.026720724,1,5.515971367,0.123589521,0.227212267,1,7.675283643,0.025925926,0.163299663,0.48013468
34,R_dig_034,Xuelei,Yu ,Dafu,1922,ROMANTIC,1,6.706558523,0.009749104,6975,0.047311828,139.7697707,71.54622884,0.250865851,0.443822329,0.026058954,0.010576654,0.664,5.252268063,0.086567046,0.147968757,0.474,6.706558523,0.030713468,0.169591759,0.513353682
35,R_dig_035,Fengling / Kongxu,Yu ,Dafu,1922,ROMANTIC,0,7.121397195,0.014874628,11765,0.034849129,145.5625715,68.69897871,0.250170462,0.436395083,0.025957719,-0.002988874,0.258,5.270547302,0.077089828,0.087599011,0.37,7.121397195,0.032643935,0.176523197,0.484851873
36,R_dig_036,Qiuliu,Yu ,Dafu,1924,ROMANTIC,0,6.772309097,0.012043493,20509,0.029791799,109.9623962,90.94017903,0.250231517,0.435648493,0.037855074,-0.00545067,0.248,5.302922347,0.107384944,0.139048143,0.408,6.772309097,0.03168342,0.170950503,0.492174577
37,R_scn_001,Bodian,Yu ,Dafu,1924,ROMANTIC,1,6.516750263,0.010943718,7036,0.044911882,125.0338817,79.97832159,0.250342466,0.480896173,0.037004402,0.017957817,0.194,5.393477458,0.126418627,0.1995773,0.164,6.516750263,0.024962179,0.166414523,0.484871407
38,R_scn_002,Chunchao,Yu ,Dafu,NA,ROMANTIC,0,7.048729877,0.003879979,3866,0.0312985,152.3837238,65.62380647,0.250605816,0.413298355,0.013127141,0.020259645,0.492,5.421765301,0.046253486,0.182082175,0.504,7.048729877,0.029352227,0.161605938,0.472334683
39,R_scn_003,Mangmangye,Yu ,Dafu,1922,ROMANTIC,0,7.048729877,0.011728503,17223,0.026302038,129.2669758,77.35927864,0.250279174,0.447203448,0.018774967,-0.008089769,0.662,5.324191601,0.064621586,0.081473441,0.576,7.048729877,0.030653112,0.167128774,0.484673444
40,R_scn_004,Huanxiangji,Yu ,Dafu,1923,ROMANTIC,1,8.322596722,0.009500078,12842,0.030446971,164.0988491,60.93887956,0.250379075,0.524813554,0.027472315,0.021536224,0.976,5.42730003,0.091917062,0.22421817,0.96,8.322596722,0.023700146,0.171330132,0.456671539
41,R_scn_005,Weibing,Yu ,Dafu,1921,ROMANTIC,1,6.113057769,0.01319836,7804,0.039851358,141.3682362,70.7372481,0.25,0.460240309,0.02216129,0.011293163,0.448,5.326668671,0.100673799,0.062414992,0.378,6.113057769,0.032010897,0.224076281,0.446279585
42,R_scn_006,Yanying,Yu ,Dafu,1926,ROMANTIC,0,7.048729877,0.008373419,5613,0.029039729,139.2544574,71.81098677,0.250651607,0.501290127,0.060813176,0.02171986,0.504,5.390051114,0.159805559,0.195284871,0.676,7.048729877,0.022490931,0.159613059,0.467714631
43,R_scn_007,Shiyiyuechusan,Yu ,Dafu,1924-25,ROMANTIC,1,8.322596722,0.009557005,8894,0.027209355,152.0531539,65.76647538,0.250183688,0.495775226,0.01225288,0.016251831,0.494,5.406291155,0.035105687,0.209138422,0.092,8.322596722,0.022993757,0.165676869,0.476320999
44,R_scn_008,Luori,Yu ,Dafu,1923,ROMANTIC,0,7.849721908,0.011243976,5603,0.02944851,149.9290176,66.69822935,0.250222883,0.502478629,0.020507044,0.031919489,0.862,5.369986432,0.05838187,0.215528339,0.82,7.849721908,0.022055259,0.181289384,0.476490548
45,R_scn_009,Jiedeng,Yu ,Dafu,1926,ROMANTIC,1,8.424091804,0.014122759,1841,0.030961434,79.61983471,125.5968445,0.25,0.457809695,NA,0.049240575,1,5.635926302,NA,0.395553878,1,8.424091804,0.025234319,0.196827686,0.447007931
46,R_scn_010,Huanxianghouji,Yu ,Dafu,1923,ROMANTIC,1,8.223518189,0.00826304,5809,0.041315201,152.3287662,65.64748243,0.250352808,0.509675144,0.084430286,0.02306635,0.224,5.408467733,0.257287041,0.189851152,0.504,8.223518189,0.023066486,0.192446857,0.455223881
47,R_scn_011,Hanxiao,Yu ,Dafu,1926,ROMANTIC,1,0,0.00617284,1296,0.017746914,115.2624732,86.75850622,0.250631313,0.51702396,NA,0.053818411,1,5.445664914,NA,0.300864549,1,0,0.029531568,0.192464358,0.432790224
48,R_scn_012,Huaixiangbingzhe,Yu ,Dafu,1926,ROMANTIC,0,6.578814551,0.014391014,2849,0.030537031,165.8947675,60.27917669,0.250818777,0.468704094,0.0250651,0.023068915,0.494,5.31577849,0.026930686,0.175368495,1,6.578814551,0.027077498,0.141456583,0.492063492
49,R_scn_013,Gudu,Yu ,Dafu,1922,ROMANTIC,1,6.396069703,0.013475177,5640,0.032978723,99.62988612,100.3714888,0.250145518,0.488777345,0.070524249,0.017052794,0.47,5.438201049,0.222559555,0.200649789,0.516,6.396069703,0.036562203,0.178300095,0.467948718
50,R_dig_037,Muma,Zhang ,Ziping,1922,ROMANTIC,1,6.113057769,0.005732829,9245,0.029204976,93.82608702,106.5801667,0.250482033,0.436459769,0.018871998,-0.002353825,0.054,5.394179062,0.075121146,0.067807646,0.118,6.113057769,0.035002152,0.178740496,0.423038302
51,R_scn_080,Aizhijiaodian,Zhang ,Ziping,1922,ROMANTIC,0,7.348675829,0.005656749,8839,0.07466908,125.2350962,79.84982091,0.250273423,0.447115944,0.040683119,-0.00751575,0.386,5.251102967,0.141522115,0.002060125,0.366,7.348675829,0.023221197,0.177731468,0.476778803
52,R_scn_081,Binghuang,Zhang ,Ziping,1927,ROMANTIC,0,7.271321346,0.007416224,10922,0.022706464,78.99734305,126.5865359,0.250805833,0.496204813,0.02751059,-0.005741133,0.828,5.496658082,0.106836482,0.126750168,0.902,7.271321346,0.048541309,0.194778132,0.431355724
53,R_scn_082,Zhishujie,Zhang ,Ziping,1926,ROMANTIC,0,8.528092937,0.010020822,7684,0.033966684,117.5135391,85.09657763,0.250942606,0.463181272,0.024154395,-0.004264587,0.224,5.431375608,0.095363619,0.060095606,0.66,8.528092937,0.046050362,0.171438427,0.477923422
54,R_scn_054,Shenlindeyueye,Cheng ,Fangwu,1922,ROMANTIC,0,0,0.008910212,1459,0.04318026,160.6289749,62.25526875,0.251431844,0.47706422,NA,0.050284404,1,5.29602324,NA,0.24439091,1,0,0.053122088,0.187325256,0.431500466
55,R_scn_055,Bei'aideange'er,Cheng ,Fangwu,1926,ROMANTIC,0,5.756462732,0.003193754,2818,0.035131299,135.9714173,73.54486846,0.25,0.454469349,0.037832063,0.021422401,1,5.261781948,0.057162385,0.118702567,0.508,5.756462732,0.02969815,0.177702045,0.457156767
56,R_scn_056,Chapiaoyuan,Duan ,Keqing,1927,ROMANTIC,0,9.089151683,0.007059654,11332,0.02735616,90.36808314,110.6585384,0.250258991,0.507829194,0.020310678,0.024760959,0.16,5.51012599,0.066141748,0.246546615,0.124,9.089151683,0.036199654,0.163207314,0.464541636
57,R_scn_057,Yifengtuihuidexin,Duan ,Keqing,1924,ROMANTIC,1,7.348675829,0.008370012,13859,0.038170142,108.322782,92.3166837,0.250616125,0.526108537,0.023729246,0.027359413,0.912,5.491111724,0.086289449,0.24174246,0.936,7.348675829,0.039928663,0.15376994,0.468641633
58,R_dig_038,Muxi,Tao ,Jingsun,?,ROMANTIC,1,6.059434455,0.008426375,4747,0.020855277,123.6757899,80.85656867,0.250449156,0.438666965,0.01103649,0.036922779,0.626,5.314591153,0.052300549,0.179053343,0.68,6.059434455,0.039888424,0.223152022,0.476150628
59,R_scn_073,Liangguniang,Tao ,Jingsun,1926,ROMANTIC,0,5.854029897,0.008222491,4135,0.060217654,130.570404,76.58703425,0.251361542,0.433542104,0.036221861,0.017234412,0.686,5.144588335,0.125202821,0.077722513,0.696,5.854029897,0.040502355,0.239874411,0.491679749
60,R_scn_058,Yezhang,Fang ,Guangtao,1922,ROMANTIC,0,6.839361662,0.00967008,3516,0.032707622,99.2485129,100.7571772,0.250576834,0.451785865,0.030420633,0.034284944,1,5.519142767,0.068673482,0.208821041,1,6.839361662,0.025225904,0.180722892,0.451807229
61,R_scn_059,Weishenmebaosihahadidaxiao,Feng ,Naichao,1928,ROMANTIC,0,7.849721908,0.005529354,6149,0.031712474,125.7011096,79.55379261,0.25021447,0.530045141,0.013233115,0.037446486,0.776,5.499254806,0.051422284,0.28367055,0.66,7.849721908,0.052352399,0.19095941,0.392758303
62,R_scn_060,Lvxing,Feng ,Yuanjun,1923,ROMANTIC,1,8.03227358,0.009310279,5263,0.05966179,153.7072671,65.05873269,0.25045676,0.47603145,0.026801818,0.021046075,1,5.478538263,0.048112075,0.159855663,1,8.03227358,0.029396462,0.141259105,0.517169615
63,R_scn_061,Kuangshanji,Gong ,Binglu,1928,ROMANTIC,0,7.675283643,0.004277353,13326,0.025739157,110.6131235,90.40518593,0.250584759,0.504515607,0.04341294,0.002951337,0.27,5.491148055,0.127078521,0.142568655,0.386,7.675283643,0.031626661,0.158854435,0.446687957
64,R_scn_062,Yijiu'erwuniandexue,Gong ,Binglu,1928,ROMANTIC,1,6.839361662,0.004740941,2953,0.037250254,99.55903686,100.4429162,0.25102519,0.481400214,0.023067883,0.024235454,1,5.410030601,0.046009004,0.172812318,1,6.839361662,0.039651838,0.168762089,0.447775629
65,R_dig_039,Bihua,Teng ,Gu ,?,ROMANTIC,0,6.396069703,0.00463097,3455,0.037047757,104.7141801,95.49804989,0.2513027,0.443790714,0.016534912,0.037082185,1,5.44617122,0.025041079,0.229460606,0.476,6.396069703,0.048169557,0.183044316,0.421579961
66,R_scn_043,Errenzhijian,Teng ,Gu ,1923,ROMANTIC,0,5.854029897,0.006848171,5987,0.040420912,113.8780062,87.81326905,0.25,0.41794269,0.013405785,0.004164673,0.364,5.276800403,0.046166202,0.115931428,0.16,5.854029897,0.038719446,0.188405797,0.485182782
67,R_scn_042,Baizuchong,Teng ,Gu ,1922,ROMANTIC,0,7.195578416,0.006704178,8353,0.047168682,114.1793695,87.5814961,0.25020202,0.471256482,0.017147509,0.024443982,0.21,5.303758116,0.06860749,0.160079374,0.51,7.195578416,0.03553626,0.199871362,0.447017205
68,R_scn_044,Gudongdezisha,Teng ,Gu ,?,ROMANTIC,0,6.337390164,0.008434548,5928,0.037449393,92.89354683,107.6501042,0.25014637,0.455522007,0.033520734,0.038075706,0.66,5.379137312,0.09244097,0.282227659,0.472,6.337390164,0.029964222,0.232334526,0.444320215
69,R_scn_045,Migong,Teng ,Gu ,1924,ROMANTIC,1,7.761522785,0.007335604,3817,0.034582133,114.0794936,87.65817315,0.250339213,0.50495135,0.003837062,0.03977732,1,5.644726996,0.08937932,0.310502247,1,7.761522785,0.031842576,0.203220036,0.428980322
70,R_scn_046,Motuochedegui,Teng ,Gu ,1925,ROMANTIC,0,7.195578416,0.010366935,7331,0.052925931,118.4702327,84.40938934,0.250744559,0.507146728,0.014548491,0.044399021,0.858,5.427122119,0.06114267,0.262312106,0.906,7.195578416,0.037663053,0.1943781,0.463714863
71,R_scn_047,Shixiangdefuhuo,Teng ,Gu ,1922,ROMANTIC,0,8.126770916,0.004937053,4051,0.041471242,138.9826389,71.95143278,0.250625,0.517339536,0.014477514,0.040705872,1,5.372601538,0.112934924,0.245526565,0.686,8.126770916,0.035255354,0.204283361,0.426029654
72,R_scn_048,Shuiwangwangdeyan,Teng ,Gu ,1923,ROMANTIC,0,6.839361662,0.007698229,6495,0.044649731,121.1896435,82.51530173,0.250770812,0.466524379,0.034307904,0.03577359,0.458,5.413793375,0.11405393,0.253167206,0.642,6.839361662,0.031800689,0.207008305,0.459995949
73,R_scn_049,Xiangchou,Teng ,Gu ,1922,ROMANTIC,0,7.048729877,0.00921895,7810,0.046222791,118.5579867,84.34691142,0.250490089,0.477531497,0.013392487,0.046034709,0.366,5.418954278,0.018353733,0.246753925,0.428,7.048729877,0.031756757,0.218243243,0.446283784
74,R_scn_050,Yinxingzhiguo,Teng ,Gu ,1922,ROMANTIC,0,6.907755279,0.008335741,24233,0.037345768,101.9319155,98.10470005,0.250732815,0.516560271,0.04260061,0.02873832,0.848,5.392023392,0.152169246,0.107126169,0.086,6.907755279,0.033444269,0.249713569,0.400294615
75,R_scn_051,Zangli,Teng ,Gu ,1924,ROMANTIC,0,8.322596722,0.006098124,10823,0.030121039,98.3001884,101.7292048,0.250607484,0.513893475,0.047108258,0.031600915,0.382,5.402363417,0.108401671,0.197774537,0.608,8.322596722,0.024276032,0.231792976,0.423290203
76,R_scn_083,Shengdanzhiye,Zhou ,Quanping,1923,ROMANTIC,0,7.121397195,0.010191602,4906,0.041377905,158.084355,63.25736661,0.250081566,0.468986006,0.02171326,0.024676506,0.684,5.366272563,0.08054943,0.170784035,0.648,7.121397195,0.037319531,0.162081177,0.48569872
77,R_scn_084,Zhongqiuyue,Zhou ,Quanping,1925,ROMANTIC,0,6.839361662,0.009303287,4837,0.02873682,122.65073,81.53233166,0.250253979,0.501856125,0.008996809,0.022403276,1,5.542005808,0.05316143,0.223386368,0.678,6.839361662,0.0325,0.175833333,0.444444444
78,R_scn_070,Xiaxianyue,Ni ,Yide,1923,ROMANTIC,0,6.516750263,0.010091066,4063,0.028550332,95.61359515,104.5876372,0.250310559,0.477747906,0.04723274,0.031970836,1,5.673322981,0.159667172,0.202486117,0.558,6.516750263,0.01017294,0.17802645,0.463207867
79,R_scn_075,Jiehunle,Yan ,Liangcai,1927,ROMANTIC,0,7.121397195,0.009050645,5193,0.040439053,150.3325607,66.5191889,0.25,0.477753399,0.019043595,0.031546378,0.708,5.502940907,0.037709119,0.142963094,0.668,7.121397195,0.029780564,0.14968652,0.497910136
80,R_dig_040,Nüwashizhiyinie,Ye ,Lingfeng,1925,ROMANTIC,1,7.508429651,0.010006671,17988,0.066044029,119.0423827,84.00369495,0.250583759,0.486959032,0.02967792,0.006526961,0.204,5.39847669,0.09330818,0.117600664,0.184,7.508429651,0.017663943,0.147935527,0.500257599
81,R_scn_014,Qide'enhui,Ye ,Lingfeng,1928,ROMANTIC,0,5.70888866,0.009321906,6651,0.025259359,118.886936,84.11353117,0.250437609,0.438266495,0.029132821,0.005962851,0.348,5.425663597,0.086909468,0.168956465,0.654,5.70888866,0.033155956,0.178059763,0.471960704
82,R_scn_015,Zijiazhiye,Ye ,Lingfeng,1925,ROMANTIC,0,8.322596722,0.010078798,5457,0.035917171,93.71287817,106.7089198,0.250369932,0.524927191,0.035229697,0.028913205,0.374,5.510578376,0.123620638,0.206482706,0.762,8.322596722,0.025055269,0.168754606,0.460083518
83,R_scn_016,Yu,Ye ,Lingfeng,1927,ROMANTIC,0,7.675283643,0.010579858,4915,0.032756867,144.5702393,69.17052947,0.250645161,0.47461631,0.045238143,0.018249319,1,5.456219337,0.148157802,0.152488514,0.672,7.675283643,0.033314978,0.142621145,0.478799559
84,R_scn_017,Tanhua'andechunfeng,Ye ,Lingfeng,1925,ROMANTIC,0,8.126770916,0.010295494,7479,0.025270758,76.68812196,130.3982904,0.250331272,0.520290238,0.023265113,0.024043513,0.372,5.628769616,0.066068892,0.207765567,0.606,8.126770916,0.025437788,0.161290323,0.434101382
85,R_scn_018,Neijiu,Ye ,Lingfeng,1924,ROMANTIC,1,7.508429651,0.020056682,4587,0.072378461,155.2781773,64.40054988,0.25024975,0.395495097,0.025927714,0.010961896,0.33,5.184970396,0.080877801,0.113263635,0.67,7.508429651,0.018819504,0.141146279,0.597091531
86,R_scn_019,Nasaleren,Ye ,Lingfeng,1925,ROMANTIC,0,7.195578416,0.011595065,6727,0.030920172,82.65394768,120.9863567,0.25,0.49447866,0.016106272,0.023163566,0.69,5.65141481,0.065215646,0.202054325,0.922,7.195578416,0.017051153,0.160882648,0.483249749
87,R_scn_020,Mojiadeshitan,Ye ,Lingfeng,1928,ROMANTIC,0,7.508429651,0.009812109,4790,0.0217119,124.9162109,80.05366099,0.250430589,0.481745713,0.027084855,0.021348086,0.354,5.464153413,0.054173048,0.157000402,0.33,7.508429651,0.033869116,0.164179104,0.436567164
88,R_scn_021,Luoyan,Ye ,Lingfeng,1929,ROMANTIC,1,5.854029897,0.00808353,5938,0.031323678,119.1124023,83.9543138,0.250493932,0.491823062,0.030374228,0.028177656,0.658,5.440260749,0.065689731,0.172253032,0.924,5.854029897,0.042156185,0.180603548,0.456807187
89,R_scn_022,Mingtian,Ye ,Lingfeng,1928,ROMANTIC,1,5.854029897,0.009360374,5128,0.041341654,136.5584294,73.22872741,0.250162022,0.439100146,0.012538329,0.021346156,0.662,5.396190319,0.085268038,0.146000819,0.628,5.854029897,0.030636926,0.166353131,0.485084655
90,R_scn_023,Langtaosha,Ye ,Lingfeng,1926,ROMANTIC,0,7.195578416,0.008934708,10185,0.038389789,106.9863774,93.46984396,0.250519252,0.476146305,0.036397685,0.006919284,0.434,5.414652178,0.138148139,0.115643936,0.448,7.195578416,0.030452785,0.161079204,0.486576733
91,R_scn_024,Juyufuren,Ye ,Lingfeng,1926,ROMANTIC,1,6.706558523,0.00855432,2338,0.037639008,153.0930608,65.31974701,0.250699301,0.40943789,NA,0.030387231,1,5.461913186,NA,0.179457777,1,6.706558523,0.048931384,0.189538808,0.492125984
92,R_scn_025,Kouhong,Ye ,Lingfeng,1926,ROMANTIC,0,5.616061202,0.001012761,4937,0.019039903,103.9113214,96.23590447,0.25103377,0.432215629,0.017769698,0.025546929,0.306,5.415952815,0.059610627,0.20776118,0.686,5.616061202,0.047606019,0.202735978,0.442407661
93,R_scn_026,Isabella,Ye ,Lingfeng,1927,ROMANTIC,1,6.279777526,0.014457012,11759,0.061399779,131.4463329,76.0766754,0.250033472,0.429576992,0.019199174,0.00368436,0.41,5.277314767,0.107360903,0.112766516,0.082,6.279777526,0.031242976,0.158350191,0.535850753
94,R_scn_027,Jiulvmei,Ye ,Lingfeng,1928,ROMANTIC,0,5.526204223,0.011492281,5830,0.044939966,167.1417629,59.8294515,0.250626566,0.419213336,0.014921037,0.003137527,0.69,5.167363658,0.070729056,0.107529756,0.214,5.526204223,0.033248082,0.161357824,0.467100674
95,R_scn_028,Guochou,Ye ,Lingfeng,1928,ROMANTIC,0,7.271321346,0.006293549,4449,0.013261407,117.98222,84.75853399,0.250755287,0.473373839,0.011186341,0.020691459,1,5.439654242,0.026838777,0.177710418,0.688,7.271321346,0.035814388,0.170974774,0.44534413
96,R_scn_029,Dianyi,Ye ,Lingfeng,1927,ROMANTIC,1,7.427693848,0.012994862,3309,0.041402236,137.990392,72.46881362,0.251199616,0.450836212,0.009190125,0.02466555,1,5.393761335,0.03646564,0.197340794,1,7.427693848,0.03011803,0.150997151,0.504680505
97,R_scn_030,Feibingchuqihuanzhe,Ye ,Lingfeng,1927,ROMANTIC,0,6.516750263,0.011031798,7705,0.052303699,120.8386864,82.75495455,0.250202675,0.437421983,0.017819274,0.014435789,0.864,5.342232415,0.122795474,0.111607456,0.586,6.516750263,0.034429862,0.156638827,0.48457474
98,R_scn_031,Chunvdemeng,Ye ,Lingfeng,1928,ROMANTIC,1,6.706558523,0.0122074,7946,0.04870375,154.6229376,64.67345759,0.250403063,0.436647383,0.03263388,0.015246173,0.964,5.312486174,0.092518785,0.151163525,0.892,6.706558523,0.039614017,0.156593872,0.517860166
99,R_scn_032,Aidezhanshi,Ye ,Lingfeng,1928,ROMANTIC,1,5.954961447,0.007977355,3886,0.053010808,191.5011227,52.21901502,0.251217532,0.356480151,0.006192337,0.019376265,1,5.141167713,0.032414694,0.11134349,0.464,5.954961447,0.047396529,0.174899866,0.53271028
100,R_scn_033,Aidejiangzuo,Ye ,Lingfeng,1928,ROMANTIC,1,5.155041253,0.004173355,3115,0.036918138,245.5441397,40.72587524,0.250369276,0.37152436,0.01596384,0.007620063,1,4.985134334,0.113977799,0.101440103,0.502,5.155041253,0.043998291,0.128150363,0.556172576
101,R_scn_052,Beibinqizhe,Bai ,Cai,1923,ROMANTIC,1,7.675283643,0.005841446,7190,0.07162726,162.5084255,61.53527099,0.250219202,0.44488467,0.029749405,0.012527128,0.69,5.210827044,0.110555929,0.11252304,0.426,7.675283643,0.016441899,0.154997229,0.521891742
102,R_scn_053,Weisheng,Bai ,Cai,1923,ROMANTIC,1,6.907755279,0.008246683,2789,0.076371459,173.6762682,57.57839055,0.250570776,0.450304923,0.006142783,0.027488086,1,5.186469588,0.055519745,0.168532353,0.502,6.907755279,0.045845272,0.159025788,0.536294174
103,R_scn_036,Liulang,Wang ,Yiren,?,ROMANTIC,1,6.706558523,0.008732279,9734,0.046948839,199.2048445,50.19958237,0.250040122,0.481462564,0.015253537,0.006048199,0.276,5.251681301,0.070902692,0.028283196,0.256,6.706558523,0.022871665,0.117605534,0.512494706
104,R_scn_034,Wodegongzhuang(daixu),Wang ,Yiren,?,ROMANTIC,1,6.223202954,0.013289938,3687,0.037157581,199.4481698,50.13833924,0.250655594,0.425602832,0.007210965,0.012416867,1,5.320358513,0.034385042,0.061559815,1,6.223202954,0.012977382,0.150537634,0.501297738
105,R_scn_035,Shenyoubingzhe,Wang ,Yiren,1924,ROMANTIC,0,8.856096512,0.009002585,11219,0.041714948,169.8931789,58.86051499,0.250787289,0.474868414,0.026972898,-0.000378222,0.812,5.267888297,0.089248315,0.075915312,0.682,8.856096512,0.038238842,0.155247286,0.474306393
106,R_scn_037,Luopo,Wang ,Yiren,?,ROMANTIC,1,7.048729877,0.008376145,8954,0.047018092,179.8804971,55.59246367,0.25,0.510610165,0.010975331,0.017092345,0.674,5.407047105,0.06506456,0.089857029,0.058,7.048729877,0.016408387,0.13202674,0.483135825
107,R_scn_038,Guyan,Wang ,Yiren,<U+FF1F>,ROMANTIC,1,8.03227358,0.006892506,6819,0.043994721,190.8257731,52.4038228,0.250410124,0.517456143,0.030801978,0.019130183,0.08,5.341336669,0.096869606,0.111390994,0.216,8.03227358,0.027,0.1426,0.476
108,R_scn_039,Huanxiang,Wang ,Yiren,1925,ROMANTIC,1,6.113057769,0.006395578,12665,0.054165022,194.956621,51.29346183,0.250582465,0.475629208,0.028924888,-0.005537098,0.446,5.26039454,0.083809362,0.009208051,0.734,6.113057769,0.021290323,0.121075269,0.512043011
109,R_scn_040,Culuo,Wang ,Yiren,1925,ROMANTIC,1,6.977530585,0.006907761,12305,0.047379114,167.2282824,59.79849734,0.2501321,0.460311524,0.03444736,-0.007859666,0.184,5.300361292,0.119281309,0.050823134,0.494,6.977530585,0.023579609,0.147204132,0.489445318
110,R_scn_041,Chenmian,Wang ,Yiren,1925,ROMANTIC,1,7.427693848,0.007563386,11635,0.04744306,191.635844,52.18230468,0.25044032,0.478072856,0.02307083,-0.009804034,0.214,5.296267621,0.091360832,-0.005940018,0.226,7.427693848,0.023009061,0.115641392,0.504887935
111,R_scn_067,Cangmangdefannao,Jing,Yinyu,1924,ROMANTIC,1,8.126770916,0.0084014,4285,0.066277713,136.329212,73.35185066,0.250478744,0.544037902,0.01968928,0.034652941,1,5.455078473,0.100898776,0.155515363,1,8.126770916,0.038240918,0.160611855,0.464308477
112,R_scn_063,Zuji,Gu ,Renzhu,1926,ROMANTIC,0,8.223518189,0.006333122,7895,0.0279924,76.18389089,131.2613452,0.25061673,0.496277278,0.028336401,0.029493009,0.666,5.5754297,0.085885709,0.299210149,0.588,8.223518189,0.037581989,0.203687289,0.437333806
113,R_scn_065,Lushang2,Hong ,Lingfei,1926,ROMANTIC,1,8.528092937,0.011024345,4354,0.054892053,109.1828424,91.58948217,0.250687623,0.490217391,0.014071539,0.032607578,1,5.406825505,0.054309412,0.202903056,0.648,8.528092937,0.046563905,0.174694926,0.46596018
114,R_scn_066,Duyan,Huang,Yaomian,1928,ROMANTIC,0,6.455846055,0.005846638,4447,0.043849786,119.5174513,83.66978959,0.250283983,0.454238358,0.029751923,0.014305024,0.652,5.327737351,0.127938853,0.112931454,0.316,6.455846055,0.0234375,0.16875,0.47875
115,R_scn_068,Ailan,Lou,Shiyi,1926,ROMANTIC,0,6.642072384,0.008396203,8218,0.053784376,141.5768959,70.63299371,0.250722683,0.470262391,0.043685807,0.025260129,0.904,5.29881073,0.130895835,0.19720838,0.762,6.642072384,0.028065699,0.169829373,0.496730984
116,R_scn_069,Chunye,Ma ,Zhongshu,1927,ROMANTIC,0,8.126770916,0.010975028,6287,0.029266741,115.9278814,86.26052573,0.25071373,0.496953421,0.030223199,0.018474318,0.334,5.495494733,0.128498654,0.152144353,0.178,8.126770916,0.027670528,0.171385671,0.442728443
117,R_scn_071,Baipixie,Pan ,Hannian,1928,ROMANTIC,1,7.271321346,0.00694927,4317,0.042853834,87.12216814,114.7813492,0.250193798,0.521432741,0.015221798,0.037276599,0.694,5.549112496,0.03488331,0.220850582,1,7.271321346,0.02114899,0.181502525,0.432765152
118,R_scn_072,Qingren,Pan ,Hannian,1927,ROMANTIC,0,7.195578416,0.008683517,6449,0.047759343,110.7580958,90.28685376,0.250461376,0.477924154,0.033528255,0.02922426,0.686,5.455402098,0.120965092,0.253822555,0.668,7.195578416,0.022878536,0.204242928,0.438643927
119,R_scn_074,Sannianyihou,Wang ,Duqing,1927,ROMANTIC,1,5.570770386,0.008973344,7578,0.056479282,120.1172528,83.25198729,0.251047871,0.429727035,0.028862915,0.003799483,0.438,5.266440734,0.073272788,0.015818295,0.518,5.570770386,0.023091504,0.216095123,0.498018266
120,R_scn_076,Dunchuanshangdeyiye,Yang ,Hansheng,1928,ROMANTIC,0,7.508429651,0.007606491,5916,0.03296146,157.5859628,63.45742873,0.25,0.492169154,0.035761634,0.022575897,0.352,5.395347586,0.069354738,0.126164208,0.17,7.508429651,0.020933977,0.160110421,0.463538072
121,R_scn_077,Malinying,Yang ,Hansheng,1928,ROMANTIC,0,8.223518189,0.004699739,11490,0.029677981,130.9061199,76.39062257,0.250360023,0.516017863,0.025039799,-0.001365714,0.354,5.468040182,0.08178102,0.058986477,0.702,8.223518189,0.020851116,0.151566882,0.446530911
122,R_scn_078,Shuanghan,Ye ,Dingluo,1927,ROMANTIC,0,6.642072384,0.007778738,4628,0.027873812,84.50830914,118.3315594,0.251216968,0.447448935,0.014411787,0.013650788,1,5.482408725,0.031141657,0.136767143,0.872,6.642072384,0.018046405,0.173016328,0.484388427
123,R_scn_079,Qiuye,Yuan,Jiahua,1926,ROMANTIC,0,8.322596722,0.008725795,8366,0.033707865,115.9834147,86.21922387,0.250050211,0.579779996,0.03162429,0.037575291,1,5.577420994,0.088950771,0.205612835,0.824,8.322596722,0.025495751,0.166805532,0.433427762
124,P_dig_003,Jianghuqixiazhuan,Buxiaosheng,NA,1923,POPULAR,0,7.195578416,0.006328662,1036554,0.020124374,62.10098507,161.0280415,0.250274049,0.480693251,0.036028689,-0.051272768,0,5.45559739,0.12022419,0.042207155,0,7.195578416,0.031812759,0.178387465,0.450196528
125,P_dig_008,Leizhuyuan,Tianxuwosheng,NA,1932,POPULAR,0,6.059434455,0.005664508,356783,0.018322061,53.7222516,186.1426076,0.250524204,0.469655591,0.048754428,-0.020660458,0,5.419979514,0.182872162,0.115217,0,6.059434455,0.039959251,0.207109665,0.408753932
126,P_scn_007,Bimenghen,Youqihong,NA,1914,POPULAR,0,7.675283643,0.003242349,120900,0.015516956,38.60669416,259.0224369,0.250221507,0.594973014,0.058001703,0.025180441,0.032,5.744643684,0.165629087,0.171215931,0.2,7.675283643,0.023745912,0.232049221,0.329693476
127,P_dig_009,Minguoqushi,Li,Dingyi,1915,POPULAR,0,8.528092937,0.000682738,142075,0.001654056,19.27716421,518.748499,0.250126999,0.652756282,0.043913056,0.009663623,0,5.982235677,0.117031851,0.334737106,0,8.528092937,0.048223934,0.202657394,0.246359735
128,P_dig_010,Yulihun,Xu,Zhenya,1924,POPULAR,0,8.322596722,0.001710936,106959,0.004403557,38.42887208,260.2210124,0.250239329,0.610929569,0.051388461,0.0521557,0.002,5.785384244,0.164041606,0.406434741,0.014,8.322596722,0.046506033,0.206967484,0.278675312
129,P_scn_008,Xuehongleishi,Xu ,Zhenya,1920,POPULAR,1,10.15846365,0.001698298,127775,0.004320094,36.46485392,274.2366669,0.250187344,0.612489488,0.061757523,0.04215327,0.02,5.830038009,0.206997379,0.396583444,0.062,10.15846365,0.04252304,0.191279358,0.291289268
130,P_dig_012,Languihen,Xu,Zhenya,1917,POPULAR,0,10.31008251,0.000651042,67584,0.003284801,21.49966149,465.1236022,0.250118045,0.694889612,0.037016215,0.09169112,0.058,6.039110967,0.104429166,0.586242136,0.042,10.31008251,0.044445729,0.221804801,0.204523562
131,P_dig_003,Jianghuqixiazhuan,Buxiaosheng,NA,1923,POPULAR,0,7.195578416,0.006328662,1036554,0.020124374,62.10098507,161.0280415,0.250274049,0.480693251,0.036028689,-0.051231506,0,5.45559739,0.12022419,0.048188691,0,7.195578416,0.031812759,0.178387465,0.450196528
132,P_scn_014,Jianghudaxiazhuan,Buxiaosheng,NA,1935,POPULAR,0,6.279777526,0.006011006,387955,0.019368226,54.43623002,183.7011857,0.250235443,0.502758446,0.035581344,-0.048587525,0.148,5.543518149,0.115756515,0.038978613,0.01,6.279777526,0.029314079,0.167480851,0.433964614
133,P_dig_013,Jianghuguaiyizhuan,Buxiaosheng,NA,1923,POPULAR,0,7.195578416,0.003334487,54881,0.020280243,55.81668298,179.1579052,0.250432139,0.506026375,0.041781666,-0.028213234,0.244,5.545333501,0.123891572,0.063107558,0.476,7.195578416,0.028675666,0.17981272,0.407102031
134,P_scn_004,Renjiandiyu,Bao,Tianxiao,1928,POPULAR,0,6.113057769,0.005849555,259165,0.028109506,63.01774885,158.6854526,0.25000627,0.44512071,0.031858597,-0.04581694,0.376,5.361668934,0.115089761,-0.007136027,0.136,6.113057769,0.037811174,0.180197311,0.490517814
135,P_scn_005,Huanchaoluanfeng,Bao,Tianxiao,1924,POPULAR,1,10.31008251,0.007408792,251458,0.030820256,53.3666072,187.3830945,0.250481119,0.539002188,0.065588064,-0.023853158,0,5.612197974,0.185096701,0.065120254,0,10.31008251,0.024141646,0.182719664,0.426119382
136,P_scn_003,Xiafengqiyuan,Li,Hanqiu,1919,POPULAR,0,9.462678464,0.005147436,343472,0.019762892,31.00557854,322.5226063,0.250215646,0.583290712,0.041567703,0.007020304,0,5.776488957,0.128206717,0.254642428,0,9.462678464,0.039500665,0.200860922,0.372830085
137,P_scn_006,Jiangzuoshinianmuduji,Yao,Yuanchu,1929,POPULAR,1,8.424091804,0.003669284,145805,0.01223552,31.71743523,315.2840047,0.250073591,0.616356268,0.036454946,-0.001136505,0.134,5.864374348,0.101253028,0.290161927,0.118,8.424091804,0.039304731,0.200412163,0.347159149
138,P_scn_019,Chunmingxinshi,Zhang,Henshui,1928,POPULAR,0,6.642072384,0.00520168,218391,0.022331506,55.98300896,178.6256256,0.250258907,0.489568228,0.035899924,-0.018882918,0.052,5.48128651,0.118150054,0.103585076,0.096,6.642072384,0.033195991,0.1988161,0.447501155
139,P_scn_017,Rucijiangshan,Zhang,Henshui,NA,POPULAR,0,6.113057769,0.006781439,169728,0.023897059,71.99124333,138.9057827,0.250917462,0.475838564,0.029380534,0.010045882,0.03,5.407859592,0.098301821,0.167068999,0.02,6.113057769,0.036822227,0.195972401,0.47011992
140,P_dig_005,Xiandaiqingnian,Zhang,Henshui,NA,POPULAR,0,6.455846055,0.00725792,317033,0.027615422,69.09388144,144.7306157,0.250075016,0.455253751,0.031116248,-0.008437204,0.002,5.370211618,0.110818686,0.168372146,0.044,6.455846055,0.032988696,0.193008,0.473542788
141,P_scn_016,Tianshangrenjian,Zhang,Henshui,1928,POPULAR,0,5.526204223,0.006541452,199497,0.023905121,63.71721367,156.9434604,0.250253993,0.472999815,0.038910498,-0.006979566,0.17,5.403579383,0.144871317,0.171065404,0.246,5.526204223,0.027720358,0.211766317,0.466068483
142,P_scn_020,Rexiezhihua,Zhang,Henshui,1932,POPULAR,0,6.167638642,0.005690246,78204,0.025037083,61.36043802,162.9714572,0.250331823,0.499990586,0.036381405,-0.003779021,0.072,5.50115194,0.124693165,0.162231153,0.07,6.167638642,0.031046604,0.194941052,0.437864747
143,P_scn_021,Daonongcunqu(Shitouchengwai),Zhang,Henshui,NA,POPULAR,0,6.706558523,0.005908308,105614,0.018965289,64.06698238,156.0866398,0.250027289,0.493045792,0.042499319,0.003272393,0,5.480246418,0.130537856,0.161216938,0.002,6.706558523,0.039371939,0.197332107,0.452373256
144,P_dig_011,Danfengjie,Zhang,Henshui,1943,POPULAR,0,6.223202954,0.005204354,174085,0.030031307,67.41569158,148.3334186,0.250879222,0.457686353,0.034869585,0.000717983,0.012,5.378003848,0.117279384,0.154229433,0.004,6.223202954,0.038164582,0.198670463,0.466254788
145,P_dig_017,Beiyannanfei,Zhang,Henshui,1934,POPULAR,0,5.570770386,0.007804921,342220,0.024662498,69.75149076,143.3661115,0.250738309,0.464215932,0.035329692,-0.003801835,0.014,5.385568734,0.123158516,0.192612333,0.032,5.570770386,0.034656002,0.197260861,0.47421829
146,P_dig_004,Ouxiang,Zhang,Henshui,1944,POPULAR,0,5.570770386,0.006995649,164102,0.026763842,65.71151986,152.1803182,0.2502606,0.478324547,0.033187204,0.007714909,0.112,5.437422828,0.110081056,0.184653769,0.148,5.570770386,0.039073737,0.192460127,0.461573497
147,P_dig_006,Zhizuijinmi,Zhang,Henshui,NA,POPULAR,0,5.662094491,0.005849652,485328,0.028815564,66.25510553,150.9317647,0.250807111,0.464513534,0.028808745,-0.00287392,0.016,5.395545917,0.102125036,0.170476597,0.022,5.662094491,0.040491029,0.195332524,0.478799406
148,P_dig_018,Tixiaoyinyuan,Zhang,Henshui,1930,POPULAR,0,5.116855762,0.006442044,225860,0.023833348,66.06605135,151.3636701,0.250142128,0.46303267,0.036357995,5.17E-05,0.002,5.381144747,0.13060435,0.194581459,0.008,5.116855762,0.034372259,0.211232322,0.458940743
149,P_dig_019,Tixiaoyinyuanxuji,Zhang,Henshui,1933,POPULAR,0,5.396683812,0.006310645,56888,0.029197722,72.21244651,138.4802826,0.250198582,0.456593624,0.031392434,0.007247616,0.122,5.347354857,0.121946075,0.199805478,0.166,5.396683812,0.034801925,0.210454461,0.469386338
150,P_dig_020,Huanxiyuanjia,Zhang,Henshui,NA,POPULAR,0,6.337390164,0.007852214,281704,0.02500497,67.52012399,148.1039934,0.250198734,0.451871175,0.032106253,-0.004860783,0,5.361767474,0.114427876,0.20649078,0,6.337390164,0.031679692,0.202989641,0.481305526
151,P_dig_021,Luoxiaguwu,Zhang,Henshui,1930,POPULAR,0,5.396683812,0.007120276,208138,0.028581998,68.78865861,145.3728013,0.250542763,0.452045252,0.033739988,0.003053948,0.09,5.344347386,0.124514995,0.201519179,0.128,5.396683812,0.032730018,0.210536495,0.478141514
152,P_scn_023,Yinhanshangxing,Zhang,Henshui,1931,POPULAR,0,6.977530585,0.005922718,62809,0.022847044,62.58822309,159.7744672,0.250685676,0.466667402,0.041523088,-0.00307851,0.026,5.41306752,0.149805785,0.190351752,0,6.977530585,0.034867246,0.200702273,0.452124274
153,P_scn_022,Zhaoyulingbenji,Zhang,Henshui,NA,POPULAR,0,5.70888866,0.004982129,92330,0.025473844,62.86667167,159.0667954,0.25021772,0.485540998,0.032989167,0.003953619,0.076,5.462186602,0.11089857,0.147213541,0.004,5.70888866,0.038406586,0.198497687,0.458870295
154,P_dig_022,Meiren'en,Zhang,Henshui,1930,POPULAR,0,5.954961447,0.007112028,200646,0.028248757,72.2141335,138.4770476,0.250724178,0.452840732,0.034504555,0.002601415,0.078,5.35942788,0.115677383,0.189147632,0.066,5.954961447,0.029857934,0.197994286,0.480896259
155,P_scn_018,Xinzhanguizhuan,Zhang,Henshui,1931,POPULAR,0,6.279777526,0.005430993,109004,0.02524678,54.61436264,183.1020178,0.250011706,0.510370655,0.029046867,-0.003704912,0.072,5.519266144,0.108092629,0.202285894,0.116,6.279777526,0.027615926,0.213595533,0.39452537
156,P_dig_026,Liyuanwaishi,Chen,Moxiang,1925,POPULAR,0,6.113057769,0.003182076,199241,0.019453827,45.9522014,217.6174306,0.250063158,0.545131575,0.039385277,0.004185937,0.074,5.606959665,0.129598762,0.210228323,0.04,6.113057769,0.044533542,0.222876328,0.375630745
157,P_dig_028,Jiuweihu,Pinghuazhuren,NA,NA,POPULAR,0,5.804836369,0.004035102,345964,0.012082182,50.99018409,196.1161776,0.250089047,0.549032195,0.037093496,0.009445729,0,5.634273195,0.122735215,0.237314353,0,5.804836369,0.029681259,0.197310228,0.322510503
158,P_dig_029,Gushuhanjiaji,Ye,Xiaofeng,1936,POPULAR,0,6.578814551,0.005505361,149309,0.011780938,41.10503398,243.2792053,0.250090678,0.540990895,0.044224193,0.001250996,0.816,5.642878259,0.138917292,0.246902375,0.372,6.578814551,0.036554517,0.21014962,0.384305904
159,P_dig_031,Liufeiyan,Yan,Duhe,NA,POPULAR,0,6.907755279,0.005052705,22958,0.022519383,58.70828504,170.33371,0.250248509,0.49414414,0.041486566,0.031751795,0.45,5.508857645,0.136508356,0.290636452,0.622,6.907755279,0.032704189,0.199285836,0.424871054
160,P_dig_032,Qiuhaitang,Qin,Shou'ou,1944,POPULAR,0,7.427693848,0.008762796,175743,0.026527372,75.99637664,131.5852208,0.250607622,0.496440327,0.023817178,0.004690631,0.024,5.496891331,0.075386018,0.145400355,0.724,7.427693848,0.023841704,0.173240448,0.474169556
161,P_scn_009,Yuanyangmeng,Gong,Shaoqin,1911,POPULAR,0,9.210340372,0.002603873,106380,0.010847904,30.16861461,331.4703087,0.250066689,0.591325973,0.048735306,0.014081978,0.018,5.778031868,0.131099155,0.165420881,0.01,9.210340372,0.022861553,0.224098885,0.310686859
162,P_dig_034,Xishuoqinggongshisanchao,Wang,Haoyuan,NA,POPULAR,0,13.28414477,0.001393662,337241,0.007567289,13.1536503,760.2452376,0.250037582,0.688385778,0.047453163,0.035066737,0,6.016240342,0.130690857,0.457907438,0,13.28414477,0.04613178,0.219437408,0.197247264
163,P_scn_012,Nanxunmijizhengxuji,Xu,Zhiyan,1915,POPULAR,0,9.210340372,0.000742542,152180,0.001767644,27.41983702,364.699469,0.250035241,0.615758995,0.045098292,0.020054077,0.01,5.862039872,0.12906342,0.325579441,0.154,9.210340372,0.030510516,0.203320287,0.262036041
164,P_scn_013,Nvjieqinliangyuyanyi,Wen,Gongzhi,1934,POPULAR,0,8.743994024,0.003795602,280061,0.013239973,26.19607744,381.7365414,0.250221828,0.594022481,0.043004207,-0.008848732,0,5.811391342,0.134451829,0.187700423,0,8.743994024,0.032257456,0.202376072,0.342720748
165,P_dig_036,Qinghongbanyanyi,Wu,Yugong,NA,POPULAR,0,5.756462732,0.002222547,109334,0.010710301,22.58888454,442.695609,0.250052046,0.560486001,0.055990205,-0.022280916,0.016,5.717150742,0.178241972,0.20034098,0.026,5.756462732,0.04411329,0.222961628,0.314015507
166,P_dig_040,Jianqizhuguang,Wang,Dulu,NA,POPULAR,0,6.113057769,0.006037505,257888,0.029947109,56.10116679,178.2494121,0.250117212,0.462607496,0.031545362,-0.023333824,0.188,5.44182589,0.107483626,0.090631977,0.192,6.113057769,0.026369527,0.177965245,0.463566887
167,P_dig_042,Xiudaiyinbiao,Wang,Dulu,NA,POPULAR,0,6.279777526,0.005757245,98832,0.035342804,75.71750316,132.0698595,0.250217777,0.451894292,0.034454687,0.000833018,0,5.340654396,0.119040203,0.164967819,0.008,6.279777526,0.011165087,0.188552848,0.490545588
168,P_dig_043,Baojianjinchai,Wang,Dulu,NA,POPULAR,0,6.772309097,0.007136405,389692,0.026905864,55.08878871,181.5251385,0.250391512,0.465180031,0.029147982,-0.018051836,0.406,5.442686444,0.096837025,0.061055017,0.058,6.772309097,0.027332667,0.17668124,0.452286473
169,P_dig_044,Wohucanglong,Wang,Dulu,1942,POPULAR,0,7.121397195,0.004606141,466334,0.028576085,55.65169453,179.6890478,0.250549492,0.481236511,0.033478747,-0.019195528,0.078,5.471018785,0.114463866,0.083637627,0.176,7.121397195,0.025375046,0.178223831,0.454801486
170,P_dig_045,Hejingkunlun,Wang,Dulu,NA,POPULAR,0,6.642072384,0.0048029,437444,0.030945675,56.69213712,176.3913041,0.250070608,0.468441699,0.029026664,-0.019413723,0.014,5.438588629,0.102888716,0.077443829,0.026,6.642072384,0.02744464,0.179521347,0.446499535
171,P_dig_046,Touquan,Bai,Yu ,NA,POPULAR,0,3.386154549,0.004219527,107832,0.017174865,41.04521104,243.633782,0.250154588,0.53142524,0.045388239,-0.010371152,0,5.598530769,0.137679092,0.213662343,0,3.386154549,0.033473841,0.214356558,0.366092239
172,P_dig_047,Luochafuren,Zhu,Zhenmu,NA,POPULAR,0,8.528092937,0.004985942,312278,0.018361844,35.06411797,285.1918308,0.250016504,0.559611578,0.038808965,-0.004239383,0,5.718399687,0.121501792,0.210996524,0,8.528092937,0.032480263,0.195181829,0.356964976
173,P_dig_051,Yunqingnvshilvyi,Fanshengxiang,NA,NA,POPULAR,0,8.126770916,0.001403685,39895,0.001554079,28.51654457,350.673623,0.250093287,0.629707989,0.028738255,0.087551621,0.324,5.882104441,0.097091667,0.547495836,0.35,8.126770916,0.061019088,0.237198296,0.215207446
174,P_dig_052,Shiyeyewen,Xu,Zhiyan,NA,POPULAR,0,8.856096512,0.000598843,133591,0.001916297,26.20968729,381.5383178,0.25001576,0.619012061,0.032097297,0.02713738,0.46,5.861636395,0.096374407,0.406638107,0.152,8.856096512,0.052970054,0.219469809,0.251536573
175,P_dig_057,Canshuihu,Cheng,Shanzhi,1933,POPULAR,0,8.424091804,0.003403912,103998,0.008202081,22.54029889,443.6498402,0.2501568,0.616163162,0.037106746,0.038966851,0.022,5.852174846,0.110554638,0.375035253,0.018,8.424091804,0.044701706,0.246818674,0.304010755
176,P_dig_098,Yuanshitongsuyanyi,Cai,Dongfan,1920,POPULAR,0,8.634694099,0.001286458,307822,0.008917491,13.9864109,714.9797092,0.250174035,0.638271762,0.046276763,0.002771762,0,5.923875696,0.146199682,0.388844982,0,8.634694099,0.037792789,0.222186365,0.246712865
177,P_dig_099,Mingshitongsuyanyi,Cai,Dongfan,1920,POPULAR,0,9.868221827,0.001075523,470469,0.005843105,11.32498382,883.0034692,0.250019289,0.664374939,0.03213195,0.014727257,0.048,6.000833916,0.089247432,0.429547928,0,9.868221827,0.045966576,0.225856447,0.227120648
178,P_scn_001,Xitaihouyanyi,Cai,Dongfan,1916,POPULAR,0,8.971110752,0.002157454,226656,0.007500353,15.61423299,640.4413207,0.250168394,0.660621708,0.045778758,0.020188333,0.336,5.999455092,0.140122299,0.328424744,0.36,8.971110752,0.029313494,0.207026931,0.264890387
179,P_scn_011,Sida'esongshi,Wu,Linrui,NA,POPULAR,0,6.706558523,0.007479987,146658,0.022917263,50.12069144,199.5183968,0.250037404,0.482189988,0.058769093,-0.034236842,0.966,5.465299161,0.192154467,0.052486889,0.936,6.706558523,0.034448184,0.215865144,0.421775406
180,P_scn_015,Bieyoutiandi,Zhang,Henshui,NA,POPULAR,0,6.642072384,0.005843354,144951,0.023835641,58.73100375,170.2678204,0.250580813,0.494285196,0.032691207,0.001119144,0.03,5.501720046,0.110003823,0.178767564,0.004,6.642072384,0.029609569,0.199187542,0.452502821
