"","TITLE","PUBL_DATE","chunk_id","score"
"1","Heibon",1907,"0",0.999965771472572
"2","Heibon",1907,"1",0.999936063118779
"3","Heibon",1907,"2",0.991069701393316
"4","Heibon",1907,"3",0.999884540997432
"5","Heibon",1907,"4",0.862958038929128
"6","Heibon",1907,"5",0.973307981064789
"7","Heibon",1907,"6",0.999869808836664
"8","Heibon",1907,"7",0.999958642471256
"9","Heibon",1907,"8",0.999197637854054
"10","Heibon",1907,"9",0.993350061879459
"11","Heibon",1907,"10",0.998044832349084
"12","Heibon",1907,"11",0.997824132054133
"13","Heibon",1907,"12",0.996167682741143
"14","Heibon",1907,"13",0.999677516534474
"15","Heibon",1907,"14",0.275116791305032
"16","Heibon",1907,"15",0.999976642043037
"17","Heibon",1907,"16",0.889339479359149
"18","Heibon",1907,"17",0.999603545756817
"19","Heibon",1907,"18",0.999964167711973
"20","Heibon",1907,"19",0.999299971363981
"21","Heibon",1907,"20",0.985315292754435
"22","Heibon",1907,"21",0.998138952747173
"23","Heibon",1907,"22",0.99392691375848
"24","Heibon",1907,"23",0.999122523093813
"25","Heibon",1907,"24",0.999688232309559
"26","Heibon",1907,"25",0.782888224324267
"27","Heibon",1907,"26",0.905744680563179
"28","Heibon",1907,"27",0.992853483052093
"29","Heibon",1907,"28",0.997918215318325
"30","Heibon",1907,"29",0.999866853835409
"31","Heibon",1907,"30",0.999925474366758
"32","Heibon",1907,"31",0.99937883627925
"33","Heibon",1907,"32",0.99855111961259
"34","Heibon",1907,"33",0.998980990377934
"35","Heibon",1907,"34",0.998580469832155
"36","Heibon",1907,"35",0.992204070796774
"37","Heibon",1907,"36",0.95744353004833
"38","Heibon",1907,"37",0.176348221537976
"39","Heibon",1907,"38",0.984140269607285
"40","Heibon",1907,"39",0.992454309724488
"41","Heibon",1907,"40",0.915005149357351
"42","Heibon",1907,"41",0.999721994704172
"43","Heibon",1907,"42",0.99988773827708
"44","Heibon",1907,"43",0.999299552079471
"45","Heibon",1907,"44",0.988424509584163
"46","Heibon",1907,"45",0.861203400293948
"47","Heibon",1907,"46",0.998673050002132
"48","Heibon",1907,"47",0.985423869834577
"49","Heibon",1907,"48",0.013673436053537
"50","Heibon",1907,"49",0.989487177276251
"51","Heibon",1907,"50",0.999045066535483
"52","Heibon",1907,"51",0.999722096491365
"53","Heibon",1907,"52",0.878204126412071
"54","Heibon",1907,"53",0.938457739340291
"55","Heibon",1907,"54",0.981456988061605
"56","Heibon",1907,"55",0.9530993268097
"57","Heibon",1907,"56",0.996695840820353
"58","Heibon",1907,"57",0.893956732654839
"59","Heibon",1907,"58",0.872857721542159
"60","Heibon",1907,"59",0.988899566280433
"61","Heibon",1907,"60",0.106118170038482
"62","Heibon",1907,"61",0.85035331805533
"63","Heibon",1907,"62",0.999417632184978
"64","Heibon",1907,"63",0.992225024705544
"65","Heibon",1907,"64",0.987438922619676
"66","Heibon",1907,"65",0.997166583799475
"67","Heibon",1907,"66",0.999893302759976
"68","Heibon",1907,"67",0.993967999556523
"69","Heibon",1907,"68",0.999487272561451
"70","Heibon",1907,"69",0.999636651755581
"71","Heibon",1907,"70",0.989608716788182
"72","Heibon",1907,"71",0.886128383355753
"73","Heibon",1907,"72",0.999964219410994
"74","Heibon",1907,"73",0.998776857598422
"75","Heibon",1907,"74",0.991051313012488
"76","Heibon",1907,"75",0.997006557758381
"77","Heibon",1907,"76",0.993832894539728
"78","Heibon",1907,"77",0.997363930822975
"79","Heibon",1907,"78",0.437777523535659
"80","Heibon",1907,"79",0.999914035097871
"81","Heibon",1907,"80",0.876509231322799
"82","Heibon",1907,"81",0.999716404078039
"83","Heibon",1907,"82",0.999945290986865
"84","Heibon",1907,"83",0.999719760937886
"85","Heibon",1907,"84",0.999968467278609
"86","Heibon",1907,"85",0.997105065407324
"87","Heibon",1907,"86",0.999840244381722
"88","Heibon",1907,"87",0.997711448375684
"89","Heibon",1907,"88",0.998435012187522
"90","Heibon",1907,"89",0.957455532464906
"91","Heibon",1907,"90",0.998320819845943
"92","Futon",1907,"0",0.997097965349675
"93","Futon",1907,"1",0.999785815314893
"94","Futon",1907,"2",0.885333712172646
"95","Futon",1907,"3",0.999630499569704
"96","Futon",1907,"4",0.996385867383729
"97","Futon",1907,"5",0.951671363846388
"98","Futon",1907,"6",0.994543164846235
"99","Futon",1907,"7",0.909214058337433
"100","Futon",1907,"8",0.999389723018401
"101","Futon",1907,"9",0.996691355674972
"102","Futon",1907,"10",0.999842479831724
"103","Futon",1907,"11",0.846365147645268
"104","Futon",1907,"12",0.994087730444117
"105","Futon",1907,"13",0.997561837211075
"106","Futon",1907,"14",0.996504979613276
"107","Futon",1907,"15",0.99988420247779
"108","Futon",1907,"16",0.999932564083244
"109","Futon",1907,"17",0.946209926369343
"110","Futon",1907,"18",0.985586557207732
"111","Futon",1907,"19",0.989831876392563
"112","Futon",1907,"20",0.999778527192585
"113","Futon",1907,"21",0.999983412905414
"114","Futon",1907,"22",0.999900793733951
"115","Futon",1907,"23",0.998943087828011
"116","Futon",1907,"24",0.997877165038353
"117","Futon",1907,"25",0.974116770549036
"118","Futon",1907,"26",0.987278254334046
"119","Futon",1907,"27",0.999634622869624
"120","Futon",1907,"28",0.996172282667912
"121","Futon",1907,"29",0.988613271242569
"122","Futon",1907,"30",0.999849966807595
"123","Futon",1907,"31",0.999952193443852
"124","Futon",1907,"32",0.996079946111329
"125","Futon",1907,"33",0.99929478260523
"126","Futon",1907,"34",0.999972101864738
"127","Futon",1907,"35",0.999345876458393
"128","Futon",1907,"36",0.99969096116307
"129","Futon",1907,"37",0.99410227948016
"130","Futon",1907,"38",0.999934450334293
"131","Futon",1907,"39",0.998631412389239
"132","Futon",1907,"40",0.368421127431697
"133","Futon",1907,"41",0.999905518613192
"134","Futon",1907,"42",0.999672110570858
"135","Futon",1907,"43",0.965877888231298
"136","Futon",1907,"44",0.994258619874363
"137","Futon",1907,"45",0.99644460219163
"138","Futon",1907,"46",0.999997445638893
"139","Futon",1907,"47",0.999993040797396
"140","Futon",1907,"48",0.99937661580579
"141","Futon",1907,"49",0.999997271043918
"142","Sekenshi",1908,"0",0.995233713025658
"143","Sekenshi",1908,"1",0.930156528584678
"144","Sekenshi",1908,"2",0.978743439964556
"145","Sekenshi",1908,"3",0.337299890973902
"146","Sekenshi",1908,"4",0.999722782584338
"147","Sekenshi",1908,"5",0.785395639097773
"148","Sekenshi",1908,"6",0.998750347871642
"149","Sekenshi",1908,"7",0.99358882890788
"150","Sekenshi",1908,"8",0.999522049571109
"151","Sekenshi",1908,"9",0.999678212682636
"152","Sekenshi",1908,"10",0.997470642034939
"153","Sekenshi",1908,"11",0.999583075786955
"154","Sekenshi",1908,"12",0.999485699987719
"155","Sekenshi",1908,"13",0.998686784968466
"156","Sekenshi",1908,"14",0.976101175302196
"157","Sekenshi",1908,"15",0.964752925714635
"158","Sekenshi",1908,"16",0.998769045276823
"159","Sekenshi",1908,"17",0.991070428280606
"160","Sekenshi",1908,"18",0.897435111171846
"161","Haru",1908,"0",0.999370246615146
"162","Haru",1908,"1",0.98781927400256
"163","Haru",1908,"2",0.997827074377904
"164","Haru",1908,"3",0.998805854583525
"165","Haru",1908,"4",0.999226673006489
"166","Haru",1908,"5",0.994768472341653
"167","Haru",1908,"6",0.764132908386644
"168","Haru",1908,"7",0.999957885756874
"169","Haru",1908,"8",0.98220343249671
"170","Haru",1908,"9",0.999885800520462
"171","Haru",1908,"10",0.993361023979881
"172","Haru",1908,"11",0.997562285343969
"173","Haru",1908,"12",0.994984824817255
"174","Haru",1908,"13",0.99765053130157
"175","Haru",1908,"14",0.999640044127545
"176","Haru",1908,"15",0.998722978921281
"177","Haru",1908,"16",0.990287340405834
"178","Haru",1908,"17",0.999584256470153
"179","Haru",1908,"18",0.998728943381919
"180","Haru",1908,"19",0.996183356141701
"181","Haru",1908,"20",0.999102294430534
"182","Haru",1908,"21",0.996852909112743
"183","Haru",1908,"22",0.998846192730111
"184","Haru",1908,"23",0.993359885132199
"185","Haru",1908,"24",0.999724537607262
"186","Haru",1908,"25",0.991970993745923
"187","Haru",1908,"26",0.991198553593746
"188","Haru",1908,"27",0.996430232523458
"189","Haru",1908,"28",0.998204779260987
"190","Haru",1908,"29",0.999758172712003
"191","Haru",1908,"30",0.998666670794763
"192","Haru",1908,"31",0.999067625129099
"193","Haru",1908,"32",0.998060171557578
"194","Haru",1908,"33",0.99962842227043
"195","Haru",1908,"34",0.998686455219629
"196","Haru",1908,"35",0.997648583013433
"197","Haru",1908,"36",0.999997271309289
"198","Haru",1908,"37",0.998979915608784
"199","Haru",1908,"38",0.107920300663694
"200","Haru",1908,"39",0.999582788158519
"201","Haru",1908,"40",0.999541449921017
"202","Haru",1908,"41",0.988874215194942
"203","Haru",1908,"42",0.998706979837725
"204","Haru",1908,"43",0.999986959339893
"205","Haru",1908,"44",0.998222114377817
"206","Haru",1908,"45",0.99993012492159
"207","Haru",1908,"46",0.999687304259778
"208","Haru",1908,"47",0.996952035996297
"209","Haru",1908,"48",0.992593422598827
"210","Haru",1908,"49",0.990695433712962
"211","Haru",1908,"50",0.996145156529932
"212","Haru",1908,"51",0.974617543134384
"213","Haru",1908,"52",0.998522665746614
"214","Haru",1908,"53",0.985150729042422
"215","Haru",1908,"54",0.765687654120389
"216","Haru",1908,"55",0.998003367719638
"217","Haru",1908,"56",0.994277482766527
"218","Haru",1908,"57",0.999775676312886
"219","Haru",1908,"58",0.988587556345573
"220","Haru",1908,"59",0.999928783849921
"221","Haru",1908,"60",0.974394401414513
"222","Haru",1908,"61",0.840759838032463
"223","Haru",1908,"62",0.993474225535391
"224","Haru",1908,"63",0.998680760065211
"225","Haru",1908,"64",0.970226935670985
"226","Haru",1908,"65",0.997582008180465
"227","Haru",1908,"66",0.989330020714808
"228","Haru",1908,"67",0.999453080257246
"229","Haru",1908,"68",0.719672754064225
"230","Haru",1908,"69",0.112830739212571
"231","Haru",1908,"70",0.990354881710875
"232","Haru",1908,"71",0.994310814048511
"233","Haru",1908,"72",0.999698359142455
"234","Haru",1908,"73",0.999482041849588
"235","Haru",1908,"74",0.998733706161752
"236","Haru",1908,"75",0.999767080216957
"237","Haru",1908,"76",0.999858220301345
"238","Haru",1908,"77",0.9800641030953
"239","Haru",1908,"78",0.999732261718275
"240","Haru",1908,"79",0.81535908828252
"241","Haru",1908,"80",0.997848419377814
"242","Haru",1908,"81",0.566178131892889
"243","Haru",1908,"82",0.989470819296525
"244","Haru",1908,"83",0.993221354618749
"245","Haru",1908,"84",0.951837687484703
"246","Haru",1908,"85",0.998237130045095
"247","Haru",1908,"86",0.994275721627623
"248","Haru",1908,"87",0.845388879382126
"249","Haru",1908,"88",0.997651437337773
"250","Haru",1908,"89",0.994781216041859
"251","Haru",1908,"90",0.998565736265965
"252","Haru",1908,"91",0.9364741241698
"253","Haru",1908,"92",0.994443331948551
"254","Haru",1908,"93",0.989878748275486
"255","Haru",1908,"94",0.993966124636861
"256","Haru",1908,"95",6.36346347569928e-06
"257","Haru",1908,"96",0.998726365092432
"258","Haru",1908,"97",0.96176530179689
"259","Haru",1908,"98",0.999892830040156
"260","Haru",1908,"99",0.999999977177271
"261","Haru",1908,"100",0.99869586903705
"262","Haru",1908,"101",0.372556531403287
"263","Haru",1908,"102",0.998511441560923
"264","Haru",1908,"103",0.962405061037715
"265","Haru",1908,"104",0.992639874231431
"266","Haru",1908,"105",0.994466679060719
"267","Haru",1908,"106",0.999699610374483
"268","Haru",1908,"107",0.923519002642033
"269","Haru",1908,"108",0.931289031885143
"270","Haru",1908,"109",0.995148520642698
"271","Haru",1908,"110",0.811324355502274
"272","Haru",1908,"111",0.999943387502775
"273","Haru",1908,"112",0.996704325949871
"274","Haru",1908,"113",0.999993689992896
"275","Haru",1908,"114",0.999957188339054
"276","Haru",1908,"115",0.999699076216905
"277","Haru",1908,"116",0.999879768873479
"278","Haru",1908,"117",0.999842037748922
"279","Haru",1908,"118",0.999944575252304
"280","Haru",1908,"119",0.99986387938276
"281","Haru",1908,"120",0.999934075586772
"282","Haru",1908,"121",0.999993466387472
"283","Haru",1908,"122",0.999921175415006
"284","Haru",1908,"123",0.996401594858229
"285","Haru",1908,"124",0.993897896099896
"286","Haru",1908,"125",0.999250109144563
"287","Haru",1908,"126",0.999938741031846
"288","Haru",1908,"127",0.997477635296492
"289","Haru",1908,"128",0.975942215971788
"290","Haru",1908,"129",0.999131941264515
"291","Haru",1908,"130",0.999919440556566
"292","Haru",1908,"131",0.997825445735559
"293","Haru",1908,"132",0.99933879924372
"294","Haru",1908,"133",0.966151389690431
"295","Haru",1908,"134",0.999840819032386
"296","Haru",1908,"135",0.999981630497392
"297","Haru",1908,"136",0.995101072150472
"298","Haru",1908,"137",0.999966446602444
"299","Haru",1908,"138",0.988130496088384
"300","Haru",1908,"139",0.982738095133428
"301","Haru",1908,"140",0.999657232881219
"302","Haru",1908,"141",0.999973415580368
"303","Haru",1908,"142",0.985067516054417
"304","Haru",1908,"143",0.99313257608485
"305","Haru",1908,"144",0.990671353990731
"306","Haru",1908,"145",0.999069957853108
"307","Haru",1908,"146",0.999421945061046
"308","Haru",1908,"147",0.998821947192381
"309","Haru",1908,"148",0.984692515440812
"310","Haru",1908,"149",0.998423696836865
"311","Haru",1908,"150",0.980245383461672
"312","Haru",1908,"151",0.844518055262661
"313","Haru",1908,"152",0.999978316097392
"314","Haru",1908,"153",0.996055330514374
"315","Haru",1908,"154",0.993262942809083
"316","Haru",1908,"155",0.964622577956246
"317","Haru",1908,"156",0.99305716083466
"318","Haru",1908,"157",0.995547809019077
"319","Haru",1908,"158",0.997753812513063
"320","Haru",1908,"159",0.93343492905936
"321","Haru",1908,"160",0.999891589603256
"322","Haru",1908,"161",0.999803622037646
"323","Haru",1908,"162",0.999662359519565
"324","Haru",1908,"163",0.752037504903426
"325","Haru",1908,"164",0.389443142834168
"326","Haru",1908,"165",0.98949041591401
"327","Haru",1908,"166",0.994300930786711
"328","Haru",1908,"167",0.99943319911589
"329","Haru",1908,"168",0.991004321346416
"330","Haru",1908,"169",0.999985476711891
"331","Haru",1908,"170",0.998328774517391
"332","Haru",1908,"171",0.999881183881215
"333","Haru",1908,"172",0.720419749777344
"334","Haru",1908,"173",0.999407291255294
"335","Haru",1908,"174",0.999931776860433
"336","Sei",1908,"0",0.996261344425432
"337","Sei",1908,"1",0.999984012108255
"338","Sei",1908,"2",0.999989990447786
"339","Sei",1908,"3",0.999977511610426
"340","Sei",1908,"4",0.999998753495738
"341","Sei",1908,"5",0.998412122940376
"342","Sei",1908,"6",0.999634654443472
"343","Sei",1908,"7",0.998967399113182
"344","Sei",1908,"8",0.999632946893436
"345","Sei",1908,"9",0.999700648878065
"346","Sei",1908,"10",0.999996605163862
"347","Sei",1908,"11",0.999879881935066
"348","Sei",1908,"12",0.999923104398313
"349","Sei",1908,"13",0.999790209090622
"350","Sei",1908,"14",0.999958769021475
"351","Sei",1908,"15",0.999566970527191
"352","Sei",1908,"16",0.995661812902562
"353","Sei",1908,"17",0.999175950974094
"354","Sei",1908,"18",0.999983759630552
"355","Sei",1908,"19",0.999960573152193
"356","Sei",1908,"20",0.999991095345781
"357","Sei",1908,"21",0.99578982567449
"358","Sei",1908,"22",0.949574323662042
"359","Sei",1908,"23",0.996398493947975
"360","Sei",1908,"24",0.998483935711145
"361","Sei",1908,"25",0.995493606621723
"362","Sei",1908,"26",0.999997293137507
"363","Sei",1908,"27",0.999999945371655
"364","Sei",1908,"28",0.999979448560001
"365","Sei",1908,"29",0.999987115436003
"366","Sei",1908,"30",0.999792038376994
"367","Sei",1908,"31",0.999891822827147
"368","Sei",1908,"32",0.999995104751511
"369","Sei",1908,"33",0.999968846084776
"370","Sei",1908,"34",0.997611830467281
"371","Sei",1908,"35",0.999955632168057
"372","Sei",1908,"36",0.999959889684352
"373","Sei",1908,"37",0.985410550474569
"374","Sei",1908,"38",0.999984095082467
"375","Sei",1908,"39",0.999405142577009
"376","Sei",1908,"40",0.997850836101916
"377","Sei",1908,"41",0.999916125234138
"378","Sei",1908,"42",0.997758253911091
"379","Sei",1908,"43",0.999985283921828
"380","Sei",1908,"44",0.999110346304124
"381","Sei",1908,"45",0.991472329339835
"382","Sei",1908,"46",0.893698635487479
"383","Sei",1908,"47",0.999968944186088
"384","Sei",1908,"48",0.995962309394463
"385","Sei",1908,"49",0.998601970430739
"386","Sei",1908,"50",0.999998625026833
"387","Sei",1908,"51",0.999827305557188
"388","Sei",1908,"52",0.999392607629121
"389","Sei",1908,"53",0.999735653727552
"390","Sei",1908,"54",0.999399641283604
"391","Sei",1908,"55",0.97895224496339
"392","Sei",1908,"56",0.999314177384542
"393","Sei",1908,"57",0.999850907623903
"394","Sei",1908,"58",0.99855272323667
"395","Sei",1908,"59",0.866421050340622
"396","Sei",1908,"60",0.999900510248459
"397","Sei",1908,"61",0.999744394673627
"398","Sei",1908,"62",0.811214508760005
"399","Sei",1908,"63",0.788090479900242
"400","Sei",1908,"64",0.998471495473891
"401","Sei",1908,"65",0.991803458692697
"402","Sei",1908,"66",0.999821035347024
"403","Sei",1908,"67",0.999020765219232
"404","Sei",1908,"68",0.998447831156936
"405","Sei",1908,"69",0.997610417740453
"406","Sei",1908,"70",0.999982280633122
"407","Sei",1908,"71",0.999432272743014
"408","Sei",1908,"72",0.95973539175091
"409","Sei",1908,"73",0.999374134513134
"410","Sei",1908,"74",0.997970568373682
"411","Sei",1908,"75",0.999795567195548
"412","Sei",1908,"76",0.999876916889868
"413","Sei",1908,"77",0.999915799565015
"414","Sei",1908,"78",0.999991685633327
"415","Sei",1908,"79",0.99061800972985
"416","Sei",1908,"80",0.997524815692147
"417","Sei",1908,"81",0.999145046857916
"418","Sei",1908,"82",0.879786626472586
"419","Sei",1908,"83",0.99889202371281
"420","Sei",1908,"84",0.999768130030744
"421","Sei",1908,"85",0.942850706555444
"422","Sei",1908,"86",0.996779439782085
"423","Sei",1908,"87",0.99996626958302
"424","Sei",1908,"88",0.999538079112926
"425","Sei",1908,"89",0.99995601564122
"426","Sei",1908,"90",0.999972489144717
"427","Sei",1908,"91",0.998144673235917
"428","Sei",1908,"92",0.999317379187716
"429","Sei",1908,"93",0.999977582593495
"430","Sei",1908,"94",0.997961777638801
"431","Sei",1908,"95",0.999977653386267
"432","Sei",1908,"96",0.99988447062828
"433","Sei",1908,"97",0.999607193711677
"434","Sei",1908,"98",0.999969938799884
"435","Sei",1908,"99",0.999863106730932
"436","Sei",1908,"100",0.999894179922299
"437","Sei",1908,"101",0.999739973386238
"438","Sei",1908,"102",0.99947832200247
"439","Sei",1908,"103",0.999988535198612
"440","Sei",1908,"104",0.997827724419369
"441","Sei",1908,"105",0.999063544598268
"442","Sei",1908,"106",0.998816140991708
"443","Sei",1908,"107",0.99937269773982
"444","Sei",1908,"108",0.999929345222322
"445","Sei",1908,"109",0.999998957797958
"446","Sei",1908,"110",0.999753378303002
"447","Sei",1908,"111",0.999950728889934
"448","Sei",1908,"112",0.999928117859066
"449","Sei",1908,"113",0.999941929652448
"450","Tandeki",1909,"0",0.706342635299521
"451","Tandeki",1909,"1",0.985004262531285
"452","Tandeki",1909,"2",0.971151798992236
"453","Tandeki",1909,"3",0.939264566549126
"454","Tandeki",1909,"4",0.996368030502468
"455","Tandeki",1909,"5",0.996008045877892
"456","Tandeki",1909,"6",0.998518785755165
"457","Tandeki",1909,"7",0.93438467292992
"458","Tandeki",1909,"8",0.892390714121737
"459","Tandeki",1909,"9",0.989473021944707
"460","Tandeki",1909,"10",0.91534262176982
"461","Tandeki",1909,"11",0.991707881245958
"462","Tandeki",1909,"12",0.902595306500692
"463","Tandeki",1909,"13",0.996706203577425
"464","Tandeki",1909,"14",0.870677430254532
"465","Tandeki",1909,"15",0.975068965630331
"466","Tandeki",1909,"16",0.99959022225774
"467","Tandeki",1909,"17",0.714779289778421
"468","Tandeki",1909,"18",0.927750418812545
"469","Tandeki",1909,"19",0.984646266699852
"470","Tandeki",1909,"20",0.989369306625749
"471","Tandeki",1909,"21",0.993492378782998
"472","Tandeki",1909,"22",0.991061482849903
"473","Tandeki",1909,"23",0.99520887571663
"474","Tandeki",1909,"24",0.986370831678329
"475","Tandeki",1909,"25",0.999644918605214
"476","Tandeki",1909,"26",0.997411182360464
"477","Tandeki",1909,"27",0.992724300774477
"478","Tandeki",1909,"28",0.94307980217696
"479","Tandeki",1909,"29",0.830097388521977
"480","Tandeki",1909,"30",0.996407267375506
"481","Tandeki",1909,"31",0.999701751566424
"482","Tandeki",1909,"32",0.576399573696642
"483","Tandeki",1909,"33",0.991780286721775
"484","Tandeki",1909,"34",0.91501679453969
"485","Tandeki",1909,"35",0.993278693812978
"486","Tandeki",1909,"36",0.99996236170761
"487","Tandeki",1909,"37",0.999946695018769
"488","Tandeki",1909,"38",0.987040715690883
"489","Tandeki",1909,"39",0.982791563702647
"490","Tandeki",1909,"40",0.980690872461092
"491","Tandeki",1909,"41",0.999744900150771
"492","Tandeki",1909,"42",0.999603183080066
"493","Tandeki",1909,"43",0.992998356819416
"494","Tandeki",1909,"44",0.999636971539025
"495","Tandeki",1909,"45",0.999847236906136
"496","Tandeki",1909,"46",0.9972180485937
"497","Tandeki",1909,"47",0.997561452540621
"498","Tandeki",1909,"48",0.988244868113724
"499","Tandeki",1909,"49",0.941259745834574
"500","Tandeki",1909,"50",0.997159968947654
"501","Tandeki",1909,"51",0.972593282744516
"502","Tandeki",1909,"52",0.908714409613429
"503","Tandeki",1909,"53",0.998415265600507
"504","Tandeki",1909,"54",0.993242058939053
"505","Tandeki",1909,"55",0.998964962873304
"506","Tandeki",1909,"56",0.995637175848823
"507","Tandeki",1909,"57",0.330055921929418
"508","Tandeki",1909,"58",0.963447309615828
"509","Tandeki",1909,"59",0.992810620629153
"510","Tandeki",1909,"60",0.996318240632597
"511","Vita sexualis",1909,"0",0.472926735904826
"512","Vita sexualis",1909,"1",0.0344632335022906
"513","Vita sexualis",1909,"2",0.47509905612437
"514","Vita sexualis",1909,"3",0.623091610544317
"515","Vita sexualis",1909,"4",0.552213134881245
"516","Vita sexualis",1909,"5",0.994601023760071
"517","Vita sexualis",1909,"6",0.944885488705583
"518","Vita sexualis",1909,"7",0.8104442340141
"519","Vita sexualis",1909,"8",0.18704495894155
"520","Vita sexualis",1909,"9",0.227072110947277
"521","Vita sexualis",1909,"10",0.945648843250129
"522","Vita sexualis",1909,"11",0.732435696428523
"523","Vita sexualis",1909,"12",0.811714633668295
"524","Vita sexualis",1909,"13",0.984323289028093
"525","Vita sexualis",1909,"14",0.926429062748398
"526","Vita sexualis",1909,"15",0.978158853792752
"527","Vita sexualis",1909,"16",0.992585358654988
"528","Vita sexualis",1909,"17",0.299440561064013
"529","Vita sexualis",1909,"18",0.287909029500421
"530","Vita sexualis",1909,"19",0.980915019178949
"531","Vita sexualis",1909,"20",0.902829123896205
"532","Vita sexualis",1909,"21",0.985502866201559
"533","Vita sexualis",1909,"22",0.973166834739336
"534","Vita sexualis",1909,"23",0.127930982994852
"535","Vita sexualis",1909,"24",0.998986349129592
"536","Vita sexualis",1909,"25",0.999543189649068
"537","Vita sexualis",1909,"26",0.811746369573365
"538","Vita sexualis",1909,"27",0.548623941169531
"539","Vita sexualis",1909,"28",0.691179094115633
"540","Vita sexualis",1909,"29",0.995971615922091
"541","Vita sexualis",1909,"30",0.999084554919454
"542","Vita sexualis",1909,"31",0.997441943253298
"543","Vita sexualis",1909,"32",0.217751603752549
"544","Vita sexualis",1909,"33",0.87264011940923
"545","Vita sexualis",1909,"34",0.0119187375242802
"546","Vita sexualis",1909,"35",0.994941994421879
"547","Vita sexualis",1909,"36",0.982086715787682
"548","Vita sexualis",1909,"37",0.99856151543505
"549","Vita sexualis",1909,"38",0.995114218578795
"550","Vita sexualis",1909,"39",0.918200612772859
"551","Vita sexualis",1909,"40",0.937158890129699
"552","Vita sexualis",1909,"41",0.825413725666697
"553","Vita sexualis",1909,"42",0.934548440052378
"554","Vita sexualis",1909,"43",0.892650529529528
"555","Vita sexualis",1909,"44",0.59908361547379
"556","Vita sexualis",1909,"45",0.572048661214065
"557","Vita sexualis",1909,"46",0.349612213673271
"558","Vita sexualis",1909,"47",0.874762392472841
"559","Vita sexualis",1909,"48",0.79996110367139
"560","Vita sexualis",1909,"49",0.883666768739887
"561","Vita sexualis",1909,"50",0.928655200261439
"562","Vita sexualis",1909,"51",0.988060917728291
"563","Vita sexualis",1909,"52",0.11156620093382
"564","Vita sexualis",1909,"53",0.854887764732051
"565","Vita sexualis",1909,"54",0.980840858164157
"566","Vita sexualis",1909,"55",0.979516590227726
"567","Vita sexualis",1909,"56",0.936301960548611
"568","Vita sexualis",1909,"57",0.994077145021754
"569","Vita sexualis",1909,"58",0.878429231587876
"570","Vita sexualis",1909,"59",0.997913953961079
"571","Vita sexualis",1909,"60",0.996904199758751
"572","Vita sexualis",1909,"61",0.999716201268064
"573","Vita sexualis",1909,"62",0.971374848085903
"574","Vita sexualis",1909,"63",0.348660842232345
"575","Wakaretaru tsuma ni okuru tegami",1910,"0",0.260961065962676
"576","Wakaretaru tsuma ni okuru tegami",1910,"1",0.727959985129479
"577","Wakaretaru tsuma ni okuru tegami",1910,"2",0.851731889282395
"578","Wakaretaru tsuma ni okuru tegami",1910,"3",0.251383148966849
"579","Wakaretaru tsuma ni okuru tegami",1910,"4",0.870579264072869
"580","Wakaretaru tsuma ni okuru tegami",1910,"5",0.999753131380934
"581","Wakaretaru tsuma ni okuru tegami",1910,"6",0.985728893332729
"582","Wakaretaru tsuma ni okuru tegami",1910,"7",0.959739837540314
"583","Wakaretaru tsuma ni okuru tegami",1910,"8",0.954164394057721
"584","Wakaretaru tsuma ni okuru tegami",1910,"9",0.867033312106555
"585","Wakaretaru tsuma ni okuru tegami",1910,"10",0.953075123344088
"586","Wakaretaru tsuma ni okuru tegami",1910,"11",0.748902092790712
"587","Wakaretaru tsuma ni okuru tegami",1910,"12",0.780689504821425
"588","Wakaretaru tsuma ni okuru tegami",1910,"13",0.995217313304069
"589","Wakaretaru tsuma ni okuru tegami",1910,"14",0.997932480647576
"590","Wakaretaru tsuma ni okuru tegami",1910,"15",0.823218513674096
"591","Wakaretaru tsuma ni okuru tegami",1910,"16",0.0149366407101122
"592","Wakaretaru tsuma ni okuru tegami",1910,"17",0.409354512139152
"593","Wakaretaru tsuma ni okuru tegami",1910,"18",0.999510470308749
"594","Wakaretaru tsuma ni okuru tegami",1910,"19",0.99335112408312
"595","Wakaretaru tsuma ni okuru tegami",1910,"20",0.000438793378643288
"596","Wakaretaru tsuma ni okuru tegami",1910,"21",0.98473619186255
"597","Wakaretaru tsuma ni okuru tegami",1910,"22",0.998987402101111
"598","Wakaretaru tsuma ni okuru tegami",1910,"23",0.837749424460761
"599","Wakaretaru tsuma ni okuru tegami",1910,"24",0.78937833783166
"600","Wakaretaru tsuma ni okuru tegami",1910,"25",0.99864102445816
"601","Wakaretaru tsuma ni okuru tegami",1910,"26",0.994895650505926
"602","Wakaretaru tsuma ni okuru tegami",1910,"27",0.985239046486616
"603","Wakaretaru tsuma ni okuru tegami",1910,"28",0.996287971022009
"604","Wakaretaru tsuma ni okuru tegami",1910,"29",0.794769792949672
"605","Wakaretaru tsuma ni okuru tegami",1910,"30",0.987157764862495
"606","Wakaretaru tsuma ni okuru tegami",1910,"31",0.898833030101573
"607","Wakaretaru tsuma ni okuru tegami",1910,"32",0.955006878882263
"608","Wakaretaru tsuma ni okuru tegami",1910,"33",0.964844962516533
"609","Wakaretaru tsuma ni okuru tegami",1910,"34",0.418214202454174
"610","Wakaretaru tsuma ni okuru tegami",1910,"35",0.99645573408029
"611","Wakaretaru tsuma ni okuru tegami",1910,"36",0.99791566087928
"612","Wakaretaru tsuma ni okuru tegami",1910,"37",0.994185405975118
"613","Wakaretaru tsuma ni okuru tegami",1910,"38",0.999924558233484
"614","Wakaretaru tsuma ni okuru tegami",1910,"39",0.996152709248904
"615","Wakaretaru tsuma ni okuru tegami",1910,"40",0.133466359400274
"616","Wakaretaru tsuma ni okuru tegami",1910,"41",0.999305351976009
"617","Wakaretaru tsuma ni okuru tegami",1910,"42",0.949541196693672
"618","Wakaretaru tsuma ni okuru tegami",1910,"43",0.976938497566136
"619","Wakaretaru tsuma ni okuru tegami",1910,"44",0.509795263040704
"620","Wakaretaru tsuma ni okuru tegami",1910,"45",0.997262447832845
"621","Wakaretaru tsuma ni okuru tegami",1910,"46",0.925375510195867
"622","Wakaretaru tsuma ni okuru tegami",1910,"47",0.729159345115349
"623","Wakaretaru tsuma ni okuru tegami",1910,"48",0.439897586459673
"624","Wakaretaru tsuma ni okuru tegami",1910,"49",0.415100558967187
"625","Wakaretaru tsuma ni okuru tegami",1910,"50",0.918064360213014
"626","Wakaretaru tsuma ni okuru tegami",1910,"51",0.998718746397138
"627","Wakaretaru tsuma ni okuru tegami",1910,"52",0.827075266922578
"628","Wakaretaru tsuma ni okuru tegami",1910,"53",0.990366065255807
"629","Wakaretaru tsuma ni okuru tegami",1910,"54",0.998805060226973
"630","Wakaretaru tsuma ni okuru tegami",1910,"55",0.993833215994358
"631","Wakaretaru tsuma ni okuru tegami",1910,"56",0.948751057746028
"632","Omedetaki hito",1910,"0",0.99191492615984
"633","Omedetaki hito",1910,"1",0.552504498322547
"634","Omedetaki hito",1910,"2",0.984884139485724
"635","Omedetaki hito",1910,"3",0.804062202046327
"636","Omedetaki hito",1910,"4",0.488199580363703
"637","Omedetaki hito",1910,"5",0.868126486476894
"638","Omedetaki hito",1910,"6",0.966322161992899
"639","Omedetaki hito",1910,"7",0.492112021339259
"640","Omedetaki hito",1910,"8",0.94337650506048
"641","Omedetaki hito",1910,"9",0.239252129311461
"642","Omedetaki hito",1910,"10",0.00877355578590553
"643","Omedetaki hito",1910,"11",0.531285843876421
"644","Omedetaki hito",1910,"12",0.993287656195639
"645","Omedetaki hito",1910,"13",0.9803120539206
"646","Omedetaki hito",1910,"14",0.316563447516743
"647","Omedetaki hito",1910,"15",0.986727869450807
"648","Omedetaki hito",1910,"16",0.111370068419801
"649","Omedetaki hito",1910,"17",0.9045825005158
"650","Omedetaki hito",1910,"18",0.889609999160142
"651","Omedetaki hito",1910,"19",0.0273729725924821
"652","Omedetaki hito",1910,"20",0.665589279054153
"653","Omedetaki hito",1910,"21",0.9762556243575
"654","Omedetaki hito",1910,"22",0.905246636225615
"655","Omedetaki hito",1910,"23",0.941747334924845
"656","Omedetaki hito",1910,"24",0.495740705234019
"657","Omedetaki hito",1910,"25",0.161246818191158
"658","Omedetaki hito",1910,"26",0.486196708641259
"659","Omedetaki hito",1910,"27",0.999192993966794
"660","Omedetaki hito",1910,"28",0.0112986905827553
"661","Omedetaki hito",1910,"29",0.948638566268731
"662","Omedetaki hito",1910,"30",0.758364444281042
"663","Omedetaki hito",1910,"31",0.0289486825925793
"664","Omedetaki hito",1910,"32",0.361241206463621
"665","Omedetaki hito",1910,"33",0.969225328105386
"666","Omedetaki hito",1910,"34",0.115918835569284
"667","Omedetaki hito",1910,"35",0.424388530029616
"668","Omedetaki hito",1910,"36",0.988271027058081
"669","Omedetaki hito",1910,"37",0.961404680342677
"670","Omedetaki hito",1910,"38",0.456220005274504
"671","Doroningyo",1911,"0",0.999999439493312
"672","Doroningyo",1911,"1",0.999942763484514
"673","Doroningyo",1911,"2",0.99995254725559
"674","Doroningyo",1911,"3",0.725575345717154
"675","Doroningyo",1911,"4",0.991910522092808
"676","Doroningyo",1911,"5",0.99849115042425
"677","Doroningyo",1911,"6",0.99993526411967
"678","Doroningyo",1911,"7",0.999749596146962
"679","Doroningyo",1911,"8",0.999998914679521
"680","Doroningyo",1911,"9",0.992265165111873
"681","Doroningyo",1911,"10",0.999999020205377
"682","Doroningyo",1911,"11",0.984861344269403
"683","Doroningyo",1911,"12",0.992742625497816
"684","Doroningyo",1911,"13",0.994534570217736
"685","Doroningyo",1911,"14",0.999773699124442
"686","Doroningyo",1911,"15",0.997084636491552
"687","Doroningyo",1911,"16",0.995450690852933
"688","Doroningyo",1911,"17",0.999788435340956
"689","Doroningyo",1911,"18",0.994796219990642
"690","Doroningyo",1911,"19",0.986038119525883
"691","Doroningyo",1911,"20",0.999993228279094
"692","Doroningyo",1911,"21",0.999804126552625
"693","Doroningyo",1911,"22",0.995611052779116
"694","Doroningyo",1911,"23",0.999417512558344
"695","Doroningyo",1911,"24",0.994743102242782
"696","Doroningyo",1911,"25",0.999127178286148
"697","Doroningyo",1911,"26",0.999910218008725
"698","Doroningyo",1911,"27",0.999817729678197
"699","Doroningyo",1911,"28",0.999385628161601
"700","Doroningyo",1911,"29",0.990334705432463
"701","Doroningyo",1911,"30",0.998300848937759
"702","Doroningyo",1911,"31",0.975557051570097
"703","Doroningyo",1911,"32",0.997862574566534
"704","Doroningyo",1911,"33",0.999483157094709
"705","Doroningyo",1911,"34",0.995464906024797
"706","Doroningyo",1911,"35",0.980009532231872
"707","Doroningyo",1911,"36",0.999506476263722
"708","Doroningyo",1911,"37",0.99827018638497
"709","Doroningyo",1911,"38",0.999990856289026
"710","Doroningyo",1911,"39",0.989323104524576
"711","Doroningyo",1911,"40",0.998059729988048
"712","Doroningyo",1911,"41",0.999899046514524
"713","Doroningyo",1911,"42",0.991640480299426
"714","Giwaku",1913,"0",0.959957669034297
"715","Giwaku",1913,"1",0.997945438147383
"716","Giwaku",1913,"2",0.884552015683206
"717","Giwaku",1913,"3",0.994669090246952
"718","Giwaku",1913,"4",0.951935574115341
"719","Giwaku",1913,"5",0.98854961098266
"720","Giwaku",1913,"6",0.993975361080507
"721","Giwaku",1913,"7",0.951529581618044
"722","Giwaku",1913,"8",0.998547758020679
"723","Giwaku",1913,"9",0.994912403386083
"724","Giwaku",1913,"10",0.945030599085797
"725","Giwaku",1913,"11",0.852404129040331
"726","Giwaku",1913,"12",0.999963572020359
"727","Giwaku",1913,"13",0.999658351448534
"728","Giwaku",1913,"14",0.999603254903506
"729","Giwaku",1913,"15",0.992722164738041
"730","Giwaku",1913,"16",0.986335301312557
"731","Giwaku",1913,"17",0.997330278079037
"732","Giwaku",1913,"18",0.936917890481937
"733","Giwaku",1913,"19",0.373617641873838
"734","Giwaku",1913,"20",0.99859185082694
"735","Giwaku",1913,"21",0.978585877791943
"736","Giwaku",1913,"22",0.34148586868513
"737","Giwaku",1913,"23",0.938729642013304
"738","Giwaku",1913,"24",0.996816966613089
"739","Giwaku",1913,"25",0.667319467021313
"740","Giwaku",1913,"26",0.123080339144699
"741","Giwaku",1913,"27",0.0142429474487375
"742","Giwaku",1913,"28",0.972100825810837
"743","Giwaku",1913,"29",0.997001458205177
"744","Giwaku",1913,"30",0.989501402903917
"745","Giwaku",1913,"31",0.987949397309778
"746","Giwaku",1913,"32",0.794631844308935
"747","Giwaku",1913,"33",0.977361305050994
"748","Giwaku",1913,"34",0.998457443383897
"749","Giwaku",1913,"35",0.996653565036535
"750","Giwaku",1913,"36",0.118254359872438
"751","Giwaku",1913,"37",0.979564652778443
"752","Giwaku",1913,"38",0.980501688396837
"753","Giwaku",1913,"39",0.909650613220825
"754","Giwaku",1913,"40",0.849922521262039
"755","Giwaku",1913,"41",0.835494689496434
"756","Giwaku",1913,"42",0.420951110244328
"757","Giwaku",1913,"43",0.891985943280155
"758","Giwaku",1913,"44",0.463873765331753
"759","Giwaku",1913,"45",0.920100744823998
"760","Giwaku",1913,"46",0.998815741210303
"761","Giwaku",1913,"47",0.285415279914796
"762","Giwaku",1913,"48",0.977453814588258
"763","Giwaku",1913,"49",0.994593516531516
"764","Giwaku",1913,"50",0.983352815029387
"765","Giwaku",1913,"51",0.997717657698472
"766","Giwaku",1913,"52",0.825293666088643
"767","Giwaku",1913,"53",0.989784553686766
"768","Giwaku",1913,"54",0.526590986968359
"769","Giwaku",1913,"55",0.869144020624156
"770","Onjin",1914,"0",0.999873858108233
"771","Onjin",1914,"1",0.0423097103580636
"772","Onjin",1914,"2",0.964022967777555
"773","Onjin",1914,"3",0.25963404137389
"774","Onjin",1914,"4",0.723524290220967
"775","Onjin",1914,"5",0.899203123117194
"776","Onjin",1914,"6",0.749685337508558
"777","Onjin",1914,"7",0.962242649423447
"778","Onjin",1914,"8",0.790598486599416
"779","Onjin",1914,"9",0.711426294575271
"780","Onjin",1914,"10",0.999830626305473
"781","Onjin",1914,"11",0.9976127635111
"782","Onjin",1914,"12",0.87880224196577
"783","Onjin",1914,"13",0.93583360529448
"784","Michikusa",1915,"0",0.977648014295569
"785","Michikusa",1915,"1",0.971515703550412
"786","Michikusa",1915,"2",0.75839381176286
"787","Michikusa",1915,"3",0.927948913726546
"788","Michikusa",1915,"4",0.982126671260076
"789","Michikusa",1915,"5",0.99995250110082
"790","Michikusa",1915,"6",0.999011482411319
"791","Michikusa",1915,"7",0.999988413298222
"792","Michikusa",1915,"8",0.999789934026966
"793","Michikusa",1915,"9",0.998677527951961
"794","Michikusa",1915,"10",0.997837806304901
"795","Michikusa",1915,"11",0.997847272300302
"796","Michikusa",1915,"12",0.999312550243225
"797","Michikusa",1915,"13",0.997734904869856
"798","Michikusa",1915,"14",0.355521987860216
"799","Michikusa",1915,"15",0.999963020888957
"800","Michikusa",1915,"16",0.997933988340299
"801","Michikusa",1915,"17",0.985688782307773
"802","Michikusa",1915,"18",0.99936235115613
"803","Michikusa",1915,"19",0.999888440771218
"804","Michikusa",1915,"20",0.89342534379973
"805","Michikusa",1915,"21",0.997819727010449
"806","Michikusa",1915,"22",0.998285464477095
"807","Michikusa",1915,"23",0.996285869010155
"808","Michikusa",1915,"24",0.999877586776323
"809","Michikusa",1915,"25",0.99806848236503
"810","Michikusa",1915,"26",0.984214204209907
"811","Michikusa",1915,"27",0.959407956350078
"812","Michikusa",1915,"28",0.958888972588433
"813","Michikusa",1915,"29",0.969661166881898
"814","Michikusa",1915,"30",0.99751893017112
"815","Michikusa",1915,"31",0.994338902328351
"816","Michikusa",1915,"32",0.934277957836335
"817","Michikusa",1915,"33",0.999014230015421
"818","Michikusa",1915,"34",0.999676553464167
"819","Michikusa",1915,"35",0.992767494997501
"820","Michikusa",1915,"36",0.999666417034508
"821","Michikusa",1915,"37",0.999515421209822
"822","Michikusa",1915,"38",0.998938093548258
"823","Michikusa",1915,"39",0.999738101026092
"824","Michikusa",1915,"40",0.99984264655086
"825","Michikusa",1915,"41",0.995302656526336
"826","Michikusa",1915,"42",0.999958153229194
"827","Michikusa",1915,"43",0.99769260401333
"828","Michikusa",1915,"44",0.99141322903667
"829","Michikusa",1915,"45",0.997529976206454
"830","Michikusa",1915,"46",0.828270919123998
"831","Michikusa",1915,"47",0.999944704024628
"832","Michikusa",1915,"48",0.999041359741634
"833","Michikusa",1915,"49",0.995029174154098
"834","Michikusa",1915,"50",0.997145351663733
"835","Michikusa",1915,"51",0.825258369101139
"836","Michikusa",1915,"52",0.999900783801788
"837","Michikusa",1915,"53",0.999883417169145
"838","Michikusa",1915,"54",0.988409011658877
"839","Michikusa",1915,"55",0.999806034230958
"840","Michikusa",1915,"56",0.985876038937324
"841","Michikusa",1915,"57",0.984367348119094
"842","Michikusa",1915,"58",0.998723745833046
"843","Michikusa",1915,"59",0.821292459308972
"844","Michikusa",1915,"60",0.994420169475765
"845","Michikusa",1915,"61",0.99517062397033
"846","Michikusa",1915,"62",0.984996117203606
"847","Michikusa",1915,"63",0.940204399938539
"848","Michikusa",1915,"64",0.975483402421594
"849","Michikusa",1915,"65",0.987698674907278
"850","Michikusa",1915,"66",0.954425248760609
"851","Michikusa",1915,"67",0.987480318081937
"852","Michikusa",1915,"68",0.998495611028313
"853","Michikusa",1915,"69",0.956423670590078
"854","Michikusa",1915,"70",0.999041975356249
"855","Michikusa",1915,"71",0.984777593596182
"856","Michikusa",1915,"72",0.996468334552798
"857","Michikusa",1915,"73",0.999811594752816
"858","Michikusa",1915,"74",0.971427558216745
"859","Michikusa",1915,"75",0.991890733631107
"860","Michikusa",1915,"76",0.922329196191154
"861","Michikusa",1915,"77",0.997723707659884
"862","Michikusa",1915,"78",0.981093362494937
"863","Michikusa",1915,"79",0.993516973792817
"864","Michikusa",1915,"80",0.999239041354661
"865","Michikusa",1915,"81",0.998639289525241
"866","Michikusa",1915,"82",0.999009965447752
"867","Michikusa",1915,"83",0.992529497103304
"868","Michikusa",1915,"84",0.947602054209989
"869","Michikusa",1915,"85",0.987937592074412
"870","Michikusa",1915,"86",0.986165963976572
"871","Michikusa",1915,"87",0.995288163227824
"872","Michikusa",1915,"88",0.971223864685732
"873","Michikusa",1915,"89",0.999595085644225
"874","Michikusa",1915,"90",0.966738287697849
"875","Michikusa",1915,"91",0.982776992737633
"876","Michikusa",1915,"92",0.922687630832475
"877","Michikusa",1915,"93",0.993672202765754
"878","Michikusa",1915,"94",0.988656041310341
"879","Michikusa",1915,"95",0.998739573533433
"880","Michikusa",1915,"96",0.909267241347495
"881","Michikusa",1915,"97",0.966088797535431
"882","Michikusa",1915,"98",0.996565039402644
"883","Michikusa",1915,"99",0.99089268532562
"884","Michikusa",1915,"100",0.98547577647389
"885","Michikusa",1915,"101",0.988995225257254
"886","Michikusa",1915,"102",0.990836700407805
"887","Michikusa",1915,"103",0.999179340005805
"888","Michikusa",1915,"104",0.982815793292157
"889","Michikusa",1915,"105",0.998258065285469
"890","Michikusa",1915,"106",0.994340379411774
"891","Michikusa",1915,"107",0.999316363803205
"892","Michikusa",1915,"108",0.998883783308007
"893","Michikusa",1915,"109",0.9998783904334
"894","Michikusa",1915,"110",0.997176366780672
"895","Michikusa",1915,"111",0.986962659546495
"896","Michikusa",1915,"112",0.999274059931065
"897","Michikusa",1915,"113",0.999568481847238
"898","Michikusa",1915,"114",0.998360155054957
"899","Michikusa",1915,"115",0.992321603782871
"900","Michikusa",1915,"116",0.999449992598861
"901","Michikusa",1915,"117",0.996957132584939
"902","Michikusa",1915,"118",0.998534462317295
"903","Michikusa",1915,"119",0.98961520517006
"904","Michikusa",1915,"120",0.99814939810281
"905","Michikusa",1915,"121",0.998272534674329
"906","Michikusa",1915,"122",0.995583727664322
"907","Michikusa",1915,"123",0.998554923702248
"908","Michikusa",1915,"124",0.979854180321649
"909","Michikusa",1915,"125",0.999952665472169
"910","Michikusa",1915,"126",0.99871572774628
"911","Michikusa",1915,"127",0.988148475513751
"912","Michikusa",1915,"128",0.998991869979226
"913","Michikusa",1915,"129",0.992528708350564
"914","Michikusa",1915,"130",0.999077669757339
"915","Michikusa",1915,"131",0.993829223061686
"916","Michikusa",1915,"132",0.998508777799837
"917","Michikusa",1915,"133",0.998622444623187
"918","Michikusa",1915,"134",0.995972577559123
"919","Michikusa",1915,"135",0.998183639501437
"920","Michikusa",1915,"136",0.994813787980719
"921","Michikusa",1915,"137",0.995316252039195
"922","Michikusa",1915,"138",0.999497238538079
"923","Michikusa",1915,"139",0.999358904461497
"924","Michikusa",1915,"140",0.991678186455232
"925","Michikusa",1915,"141",0.991424573603642
"926","Michikusa",1915,"142",0.997004921745649
"927","Michikusa",1915,"143",0.810676231008356
"928","Michikusa",1915,"144",0.981886064543205
"929","Michikusa",1915,"145",0.600163407075841
"930","Michikusa",1915,"146",0.976993485516423
"931","Michikusa",1915,"147",0.992439270581167
"932","Michikusa",1915,"148",0.999758026378518
"933","Michikusa",1915,"149",0.970201266354104
"934","Michikusa",1915,"150",0.998173593464712
"935","Michikusa",1915,"151",0.95921964243672
"936","Michikusa",1915,"152",0.997880398997984
"937","Michikusa",1915,"153",0.995849372887389
"938","Michikusa",1915,"154",0.999341232695167
"939","Michikusa",1915,"155",0.999641919584091
"940","Michikusa",1915,"156",0.992577163660629
"941","Michikusa",1915,"157",0.999171864648914
"942","Michikusa",1915,"158",0.971469103881471
"943","Michikusa",1915,"159",0.999853246343705
"944","Michikusa",1915,"160",0.998602373747091
"945","Tsuma wo kau keiken",1917,"0",0.997776173992803
"946","Tsuma wo kau keiken",1917,"1",0.999703917836784
"947","Tsuma wo kau keiken",1917,"2",0.995604740446378
"948","Tsuma wo kau keiken",1917,"3",0.999802709563408
"949","Tsuma wo kau keiken",1917,"4",0.999494329824799
"950","Tsuma wo kau keiken",1917,"5",0.999967611653106
"951","Tsuma wo kau keiken",1917,"6",0.998440266535604
"952","Tsuma wo kau keiken",1917,"7",0.99958569405555
"953","Tsuma wo kau keiken",1917,"8",0.997444143938502
"954","Tsuma wo kau keiken",1917,"9",0.999647326988757
"955","Tsuma wo kau keiken",1917,"10",0.999973039908537
"956","Tsuma wo kau keiken",1917,"11",0.999790799813261
"957","Tsuma wo kau keiken",1917,"12",0.999051424756911
"958","Tsuma wo kau keiken",1917,"13",0.998087359947761
"959","Tsuma wo kau keiken",1917,"14",0.998482028490593
"960","Tsuma wo kau keiken",1917,"15",0.967750820912412
"961","Tsuma wo kau keiken",1917,"16",0.999925202273702
"962","Tsuma wo kau keiken",1917,"17",0.999589397259926
"963","Tsuma wo kau keiken",1917,"18",0.991997452912339
"964","Tsuma wo kau keiken",1917,"19",0.999948071188225
"965","Tsuma wo kau keiken",1917,"20",0.949863777244988
"966","Tsuma wo kau keiken",1917,"21",0.999804280046837
"967","Tsuma wo kau keiken",1917,"22",0.998648246895677
"968","Tsuma wo kau keiken",1917,"23",0.999358505649693
"969","Tsuma wo kau keiken",1917,"24",0.932835080306625
"970","Tsuma wo kau keiken",1917,"25",0.998681294955858
"971","Wakai",1917,"0",0.999550238801884
"972","Wakai",1917,"1",0.602048414265111
"973","Wakai",1917,"2",0.999146969164344
"974","Wakai",1917,"3",0.939818762332954
"975","Wakai",1917,"4",0.987121102953312
"976","Wakai",1917,"5",0.979987682416029
"977","Wakai",1917,"6",0.789127513921289
"978","Wakai",1917,"7",0.996566498594788
"979","Wakai",1917,"8",0.972317624027019
"980","Wakai",1917,"9",0.956007185242485
"981","Wakai",1917,"10",0.965934033947841
"982","Wakai",1917,"11",0.997307051280762
"983","Wakai",1917,"12",0.971900552510673
"984","Wakai",1917,"13",0.970551157581862
"985","Wakai",1917,"14",0.997170587247204
"986","Wakai",1917,"15",0.957452462967401
"987","Wakai",1917,"16",0.995011003263516
"988","Wakai",1917,"17",0.999364366574828
"989","Wakai",1917,"18",0.994992544615195
"990","Wakai",1917,"19",0.998805523484469
"991","Wakai",1917,"20",0.950518200284711
"992","Wakai",1917,"21",0.993547805304536
"993","Wakai",1917,"22",0.997276463423778
"994","Wakai",1917,"23",0.975079219084496
"995","Wakai",1917,"24",0.987477620366178
"996","Wakai",1917,"25",0.983377340352138
"997","Wakai",1917,"26",0.985262315302061
"998","Wakai",1917,"27",0.990089915542901
"999","Wakai",1917,"28",0.934681954560713
"1000","Wakai",1917,"29",0.8688391
"1001","Wakai",1917,"30",0.7994393
"1002","Wakai",1917,"31",0.953011
"1003","Wakai",1917,"32",0.999144
"1004","Wakai",1917,"33",0.9983218
"1005","Wakai",1917,"34",0.8627926
"1006","Wakai",1917,"35",0.9941597
"1007","Wakai",1917,"36",0.9870995
"1008","Wakai",1917,"37",0.9216756
"1009","Wakai",1917,"38",0.9057939
"1010","Wakai",1917,"39",0.8841455
"1011","Wakai",1917,"40",0.9945985
"1012","Wakai",1917,"41",0.991884
"1013","Wakai",1917,"42",0.8902051
"1014","Wakai",1917,"43",0.9446576
"1015","Wakai",1917,"44",0.9157111
"1016","Wakai",1917,"45",0.9534343
"1017","Wakai",1917,"46",0.9992185
"1018","Wakai",1917,"47",0.7777304
"1019","Wakai",1917,"48",0.9852406
"1020","Wakai",1917,"49",0.9937219
"1021","Wakai",1917,"50",0.3763661
"1022","Wakai",1917,"51",0.6468334
"1023","Wakai",1917,"52",0.4655832
"1024","Wakai",1917,"53",0.9032355
"1025","Wakai",1917,"54",0.9992
"1026","Wakai",1917,"55",0.1878439
"1027","Wakai",1917,"56",0.9870528
"1028","Sei araba",1917,"0",0.9991416
"1029","Sei araba",1917,"1",0.9985923
"1030","Sei araba",1917,"2",0.9992469
"1031","Sei araba",1917,"3",0.9988408
"1032","Sei araba",1917,"4",0.9963368
"1033","Sei araba",1917,"5",0.9995589
"1034","Sei araba",1917,"6",0.990957
"1035","Sei araba",1917,"7",0.9510688
"1036","Sei araba",1917,"8",0.1857131
"1037","Sei araba",1917,"9",0.7386199
"1038","Sei araba",1917,"10",0.5786961
"1039","Sei araba",1917,"11",0.3002955
"1040","Sei araba",1917,"12",0.9999184
"1041","Sei araba",1917,"13",0.9877696
"1042","Sei araba",1917,"14",0.9931731
"1043","Sei araba",1917,"15",0.7017208
"1044","Sei araba",1917,"16",0.9903505
"1045","Sei araba",1917,"17",0.9542745
"1046","Sei araba",1917,"18",0.9875574
"1047","Sei araba",1917,"19",0.737688
"1048","Sei araba",1917,"20",0.981804
"1049","Sei araba",1917,"21",0.9867894
"1050","Sei araba",1917,"22",0.9778867
"1051","Sei araba",1917,"23",0.9984342
"1052","Sei araba",1917,"24",0.8813758
"1053","Yo no naka he",1918,"0",0.9972787
"1054","Yo no naka he",1918,"1",0.9937761
"1055","Yo no naka he",1918,"2",0.9557925
"1056","Yo no naka he",1918,"3",0.9993673
"1057","Yo no naka he",1918,"4",0.9305709
"1058","Yo no naka he",1918,"5",0.9488704
"1059","Yo no naka he",1918,"6",0.3353344
"1060","Yo no naka he",1918,"7",0.9872558
"1061","Yo no naka he",1918,"8",0.995765
"1062","Yo no naka he",1918,"9",0.9992469
"1063","Yo no naka he",1918,"10",0.9967758
"1064","Yo no naka he",1918,"11",0.9621073
"1065","Yo no naka he",1918,"12",0.919965
"1066","Yo no naka he",1918,"13",0.986509
"1067","Yo no naka he",1918,"14",0.8931989
"1068","Yo no naka he",1918,"15",0.9668362
"1069","Yo no naka he",1918,"16",0.7260129
"1070","Yo no naka he",1918,"17",0.9530916
"1071","Yo no naka he",1918,"18",0.9440096
"1072","Yo no naka he",1918,"19",0.9264606
"1073","Yo no naka he",1918,"20",0.9686651
"1074","Yo no naka he",1918,"21",0.4407849
"1075","Yo no naka he",1918,"22",0.9849675
"1076","Yo no naka he",1918,"23",0.6633289
"1077","Yo no naka he",1918,"24",0.6557423
"1078","Yo no naka he",1918,"25",0.9779841
"1079","Yo no naka he",1918,"26",0.9992138
"1080","Yo no naka he",1918,"27",0.9482029
"1081","Yo no naka he",1918,"28",0.9938279
"1082","Yo no naka he",1918,"29",0.9827994
"1083","Yo no naka he",1918,"30",0.8607484
"1084","Yo no naka he",1918,"31",0.7171238
"1085","Yo no naka he",1918,"32",0.7664215
"1086","Yo no naka he",1918,"33",0.9983578
"1087","Yo no naka he",1918,"34",0.8764607
"1088","Yo no naka he",1918,"35",0.998758
"1089","Yo no naka he",1918,"36",0.7528368
"1090","Yo no naka he",1918,"37",0.6388869
"1091","Yo no naka he",1918,"38",0.7415707
"1092","Yo no naka he",1918,"39",0.9866186
"1093","Yo no naka he",1918,"40",0.9902924
"1094","Yo no naka he",1918,"41",0.9871795
"1095","Yo no naka he",1918,"42",0.9373029
"1096","Yo no naka he",1918,"43",0.9995933
"1097","Yo no naka he",1918,"44",0.9990146
"1098","Yo no naka he",1918,"45",0.9277926
"1099","Yo no naka he",1918,"46",0.9998531
"1100","Yo no naka he",1918,"47",0.9988273
"1101","Yo no naka he",1918,"48",0.7895064
"1102","Yo no naka he",1918,"49",0.9708474
"1103","Yo no naka he",1918,"50",0.7781208
"1104","Yo no naka he",1918,"51",0.9960337
"1105","Yo no naka he",1918,"52",0.5455347
"1106","Yo no naka he",1918,"53",0.9920567
"1107","Yo no naka he",1918,"54",0.8152017
"1108","Yo no naka he",1918,"55",0.9850422
"1109","Yo no naka he",1918,"56",0.9984075
"1110","Yo no naka he",1918,"57",0.9922006
"1111","Yo no naka he",1918,"58",0.9800172
"1112","Yo no naka he",1918,"59",0.968936
"1113","Yo no naka he",1918,"60",0.9990539
"1114","Yo no naka he",1918,"61",0.9958437
"1115","Yo no naka he",1918,"62",0.9958276
"1116","Yo no naka he",1918,"63",0.9991531
"1117","Yo no naka he",1918,"64",0.8726671
"1118","Yo no naka he",1918,"65",0.9977401
"1119","Jukensei no shuki",1918,"0",0.9972233
"1120","Jukensei no shuki",1918,"1",0.9053385
"1121","Jukensei no shuki",1918,"2",0.9972693
"1122","Jukensei no shuki",1918,"3",0.9998914
"1123","Jukensei no shuki",1918,"4",0.9942054
"1124","Jukensei no shuki",1918,"5",0.9889932
"1125","Jukensei no shuki",1918,"6",0.957932
"1126","Jukensei no shuki",1918,"7",0.9938926
"1127","Jukensei no shuki",1918,"8",0.9968582
"1128","Jukensei no shuki",1918,"9",0.9615826
"1129","Jukensei no shuki",1918,"10",0.9999458
"1130","Jukensei no shuki",1918,"11",0.9924171
"1131","Jukensei no shuki",1918,"12",0.9989063
"1132","Jukensei no shuki",1918,"13",0.9634178
"1133","Jukensei no shuki",1918,"14",0.9987572
"1134","Jukensei no shuki",1918,"15",0.7550412
"1135","Jukensei no shuki",1918,"16",0.9998407
"1136","Jukensei no shuki",1918,"17",0.8238828
"1137","Jukensei no shuki",1918,"18",0.7325696
"1138","Jukensei no shuki",1918,"19",0.9966694
"1139","Jukensei no shuki",1918,"20",0.9986204
"1140","Jukensei no shuki",1918,"21",0.1168027
"1141","Jukensei no shuki",1918,"22",0.9376829
"1142","Jukensei no shuki",1918,"23",0.9684153
"1143","Jukensei no shuki",1918,"24",0.9725093
"1144","Jukensei no shuki",1918,"25",0.9670529
"1145","Jukensei no shuki",1918,"26",0.9340125
"1146","Jukensei no shuki",1918,"27",0.9925421
"1147","Jukensei no shuki",1918,"28",0.9974205
"1148","Jukensei no shuki",1918,"29",0.9812744
"1149","Jukensei no shuki",1918,"30",0.9981553
"1150","Jukensei no shuki",1918,"31",0.9981834
"1151","Jukensei no shuki",1918,"32",0.9933222
"1152","Jukensei no shuki",1918,"33",0.9543646
"1153","Jukensei no shuki",1918,"34",0.9638535
"1154","Jukensei no shuki",1918,"35",0.9493986
"1155","Jukensei no shuki",1918,"36",0.9978263
"1156","Jukensei no shuki",1918,"37",0.9976456
"1157","Jukensei no shuki",1918,"38",0.569924
"1158","Jukensei no shuki",1918,"39",0.9294845
"1159","Jukensei no shuki",1918,"40",0.544055
"1160","Jukensei no shuki",1918,"41",0.8978958
"1161","Jukensei no shuki",1918,"42",0.9996216
"1162","Jukensei no shuki",1918,"43",0.9847086
"1163","Jukensei no shuki",1918,"44",0.9589082
"1164","Jukensei no shuki",1918,"45",0.9961322
"1165","Jukensei no shuki",1918,"46",0.9677828
"1166","Jukensei no shuki",1918,"47",0.9993111
"1167","Jukensei no shuki",1918,"48",0.9229113
"1168","Jukensei no shuki",1918,"49",0.999985
"1169","Shinsei",1919,"0",0.9948566
"1170","Shinsei",1919,"1",0.9999852
"1171","Shinsei",1919,"2",0.8577982
"1172","Shinsei",1919,"3",0.9972915
"1173","Shinsei",1919,"4",0.983361
"1174","Shinsei",1919,"5",0.9081612
"1175","Shinsei",1919,"6",0.9975109
"1176","Shinsei",1919,"7",0.9902906
"1177","Shinsei",1919,"8",0.6918603
"1178","Shinsei",1919,"9",0.9999646
"1179","Shinsei",1919,"10",0.9844639
"1180","Shinsei",1919,"11",0.06318192
"1181","Shinsei",1919,"12",0.9961601
"1182","Shinsei",1919,"13",0.997823
"1183","Shinsei",1919,"14",0.9999733
"1184","Shinsei",1919,"15",0.996068
"1185","Shinsei",1919,"16",0.9999706
"1186","Shinsei",1919,"17",0.9816844
"1187","Shinsei",1919,"18",0.9921251
"1188","Shinsei",1919,"19",0.9761597
"1189","Shinsei",1919,"20",0.9998864
"1190","Shinsei",1919,"21",0.9997686
"1191","Shinsei",1919,"22",0.9979574
"1192","Shinsei",1919,"23",0.9923653
"1193","Shinsei",1919,"24",0.6827814
"1194","Shinsei",1919,"25",0.9941897
"1195","Shinsei",1919,"26",0.9496021
"1196","Shinsei",1919,"27",0.5294819
"1197","Shinsei",1919,"28",0.9997708
"1198","Shinsei",1919,"29",0.9999238
"1199","Shinsei",1919,"30",0.9902082
"1200","Shinsei",1919,"31",0.9976996
"1201","Shinsei",1919,"32",0.9999093
"1202","Shinsei",1919,"33",0.9999642
"1203","Shinsei",1919,"34",0.9994106
"1204","Shinsei",1919,"35",0.9922944
"1205","Shinsei",1919,"36",0.9973195
"1206","Shinsei",1919,"37",0.9973038
"1207","Shinsei",1919,"38",0.9770787
"1208","Shinsei",1919,"39",0.9978732
"1209","Shinsei",1919,"40",0.953694
"1210","Shinsei",1919,"41",0.9998621
"1211","Shinsei",1919,"42",0.9106868
"1212","Shinsei",1919,"43",0.9798268
"1213","Shinsei",1919,"44",0.9998368
"1214","Shinsei",1919,"45",0.9960617
"1215","Shinsei",1919,"46",0.4025282
"1216","Shinsei",1919,"47",0.9989316
"1217","Shinsei",1919,"48",0.999097
"1218","Shinsei",1919,"49",0.999405
"1219","Shinsei",1919,"50",0.998798
"1220","Shinsei",1919,"51",0.9968634
"1221","Shinsei",1919,"52",0.996002
"1222","Shinsei",1919,"53",0.9999805
"1223","Shinsei",1919,"54",0.999589
"1224","Shinsei",1919,"55",0.9995621
"1225","Shinsei",1919,"56",0.9990145
"1226","Shinsei",1919,"57",0.9997192
"1227","Shinsei",1919,"58",0.9996296
"1228","Shinsei",1919,"59",0.9979322
"1229","Shinsei",1919,"60",0.9994639
"1230","Shinsei",1919,"61",0.7858299
"1231","Shinsei",1919,"62",0.9997891
"1232","Shinsei",1919,"63",0.9998706
"1233","Shinsei",1919,"64",0.9999189
"1234","Shinsei",1919,"65",0.7775736
"1235","Shinsei",1919,"66",0.8424087
"1236","Shinsei",1919,"67",0.9930776
"1237","Shinsei",1919,"68",0.8867873
"1238","Shinsei",1919,"69",0.9964537
"1239","Shinsei",1919,"70",0.9970799
"1240","Shinsei",1919,"71",0.9948418
"1241","Shinsei",1919,"72",0.9947319
"1242","Shinsei",1919,"73",0.9970235
"1243","Shinsei",1919,"74",0.2536888
"1244","Shinsei",1919,"75",0.9534954
"1245","Shinsei",1919,"76",0.9534876
"1246","Shinsei",1919,"77",0.9817947
"1247","Shinsei",1919,"78",0.9982605
"1248","Shinsei",1919,"79",0.9979474
"1249","Shinsei",1919,"80",0.6172932
"1250","Shinsei",1919,"81",0.7945016
"1251","Shinsei",1919,"82",0.898609
"1252","Shinsei",1919,"83",0.9996664
"1253","Shinsei",1919,"84",0.993435
"1254","Shinsei",1919,"85",0.997721
"1255","Shinsei",1919,"86",0.8595184
"1256","Shinsei",1919,"87",0.9805538
"1257","Shinsei",1919,"88",0.9081533
"1258","Shinsei",1919,"89",0.4658173
"1259","Shinsei",1919,"90",0.9942911
"1260","Shinsei",1919,"91",0.9086902
"1261","Shinsei",1919,"92",0.9846755
"1262","Shinsei",1919,"93",0.9786812
"1263","Shinsei",1919,"94",0.913751
"1264","Shinsei",1919,"95",0.9748122
"1265","Shinsei",1919,"96",0.9985179
"1266","Shinsei",1919,"97",0.7584478
"1267","Shinsei",1919,"98",0.9674203
"1268","Shinsei",1919,"99",0.9968649
"1269","Shinsei",1919,"100",0.9699688
"1270","Shinsei",1919,"101",0.6773309
"1271","Shinsei",1919,"102",0.9984712
"1272","Shinsei",1919,"103",0.6699037
"1273","Shinsei",1919,"104",0.9747276
"1274","Shinsei",1919,"105",2.557042e-09
"1275","Shinsei",1919,"106",0.9939645
"1276","Shinsei",1919,"107",0.9701393
"1277","Shinsei",1919,"108",0.9956903
"1278","Shinsei",1919,"109",0.5352586
"1279","Shinsei",1919,"110",0.8719535
"1280","Shinsei",1919,"111",0.9698976
"1281","Shinsei",1919,"112",0.979814
"1282","Shinsei",1919,"113",0.9786143
"1283","Shinsei",1919,"114",0.7621656
"1284","Shinsei",1919,"115",0.8530104
"1285","Shinsei",1919,"116",0.9968178
"1286","Shinsei",1919,"117",0.9744497
"1287","Shinsei",1919,"118",0.9830641
"1288","Shinsei",1919,"119",0.9812895
"1289","Shinsei",1919,"120",0.9899558
"1290","Shinsei",1919,"121",0.9769127
"1291","Shinsei",1919,"122",0.9813699
"1292","Shinsei",1919,"123",0.9836654
"1293","Shinsei",1919,"124",0.8231891
"1294","Shinsei",1919,"125",0.9998615
"1295","Shinsei",1919,"126",0.9991931
"1296","Shinsei",1919,"127",0.9966479
"1297","Shinsei",1919,"128",0.9989042
"1298","Shinsei",1919,"129",0.8727371
"1299","Shinsei",1919,"130",0.9723701
"1300","Shinsei",1919,"131",0.8726275
"1301","Shinsei",1919,"132",0.9677885
"1302","Shinsei",1919,"133",0.9979585
"1303","Shinsei",1919,"134",0.2200058
"1304","Shinsei",1919,"135",0.8472023
"1305","Shinsei",1919,"136",0.8867532
"1306","Shinsei",1919,"137",0.9739249
"1307","Shinsei",1919,"138",0.9758126
"1308","Shinsei",1919,"139",0.9775035
"1309","Shinsei",1919,"140",0.4072552
"1310","Shinsei",1919,"141",0.9991379
"1311","Shinsei",1919,"142",0.994517
"1312","Shinsei",1919,"143",0.9472754
"1313","Shinsei",1919,"144",0.5056539
"1314","Shinsei",1919,"145",0.7330373
"1315","Shinsei",1919,"146",0.6236943
"1316","Shinsei",1919,"147",0.7907219
"1317","Shinsei",1919,"148",0.9533247
"1318","Shinsei",1919,"149",0.8200624
"1319","Shinsei",1919,"150",0.996814
"1320","Shinsei",1919,"151",0.9992687
"1321","Shinsei",1919,"152",0.9618344
"1322","Shinsei",1919,"153",0.9863782
"1323","Shinsei",1919,"154",0.9999079
"1324","Shinsei",1919,"155",0.9999741
"1325","Shinsei",1919,"156",0.9744309
"1326","Shinsei",1919,"157",0.9101435
"1327","Shinsei",1919,"158",0.966264
"1328","Shinsei",1919,"159",0.9985803
"1329","Shinsei",1919,"160",0.9973983
"1330","Shinsei",1919,"161",0.9946097
"1331","Shinsei",1919,"162",0.9659851
"1332","Shinsei",1919,"163",0.9157008
"1333","Shinsei",1919,"164",0.9999524
"1334","Shinsei",1919,"165",0.02794325
"1335","Shinsei",1919,"166",0.9984968
"1336","Shinsei",1919,"167",0.2504273
"1337","Shinsei",1919,"168",0.9720994
"1338","Shinsei",1919,"169",0.9969842
"1339","Shinsei",1919,"170",0.9895943
"1340","Shinsei",1919,"171",0.9989816
"1341","Shinsei",1919,"172",0.9771829
"1342","Shinsei",1919,"173",0.9920084
"1343","Shinsei",1919,"174",0.8150704
"1344","Shinsei",1919,"175",0.839623
"1345","Shinsei",1919,"176",0.9960816
"1346","Shinsei",1919,"177",0.9804837
"1347","Shinsei",1919,"178",0.9872366
"1348","Shinsei",1919,"179",0.9960041
"1349","Shinsei",1919,"180",0.9880984
"1350","Shinsei",1919,"181",0.9956347
"1351","Shinsei",1919,"182",0.9343046
"1352","Shinsei",1919,"183",0.9874494
"1353","Shinsei",1919,"184",0.981994
"1354","Shinsei",1919,"185",0.9625023
"1355","Shinsei",1919,"186",0.3893894
"1356","Shinsei",1919,"187",0.9991787
"1357","Shinsei",1919,"188",0.9018334
"1358","Shinsei",1919,"189",0.878478
"1359","Shinsei",1919,"190",0.9884835
"1360","Shinsei",1919,"191",0.999602
"1361","Shinsei",1919,"192",0.9997191
"1362","Shinsei",1919,"193",0.9957401
"1363","Shinsei",1919,"194",0.9976068
"1364","Shinsei",1919,"195",0.9975765
"1365","Shinsei",1919,"196",0.9986151
"1366","Shinsei",1919,"197",0.9983451
"1367","Shinsei",1919,"198",0.9825486
"1368","Shinsei",1919,"199",0.9974748
"1369","Shinsei",1919,"200",0.9998788
"1370","Shinsei",1919,"201",0.9960467
"1371","Shinsei",1919,"202",0.9943655
"1372","Shinsei",1919,"203",0.996935
"1373","Shinsei",1919,"204",0.9915777
"1374","Shinsei",1919,"205",0.9984934
"1375","Shinsei",1919,"206",0.997614
"1376","Shinsei",1919,"207",0.6687932
"1377","Shinsei",1919,"208",0.976066
"1378","Shinsei",1919,"209",0.9963218
"1379","Shinsei",1919,"210",0.7073374
"1380","Shinsei",1919,"211",0.9861077
"1381","Shinsei",1919,"212",0.9622713
"1382","Shinsei",1919,"213",0.9930306
"1383","Shinsei",1919,"214",0.9994656
"1384","Shinsei",1919,"215",0.9609845
"1385","Shinsei",1919,"216",0.9981255
"1386","Shinsei",1919,"217",0.9996608
"1387","Shinsei",1919,"218",0.9959985
"1388","Shinsei",1919,"219",0.9991674
"1389","Shinsei",1919,"220",0.9989169
"1390","Shinsei",1919,"221",0.9972231
"1391","Shinsei",1919,"222",0.9991842
"1392","Shinsei",1919,"223",0.4540141
"1393","Shinsei",1919,"224",0.9794252
"1394","Shinsei",1919,"225",0.9812486
"1395","Shinsei",1919,"226",0.9989007
"1396","Shinsei",1919,"227",0.9912571
"1397","Shinsei",1919,"228",0.9898378
"1398","Shinsei",1919,"229",0.9227034
"1399","Shinsei",1919,"230",0.9935067
"1400","Shinsei",1919,"231",0.9989977
"1401","Shinsei",1919,"232",0.9968585
"1402","Shinsei",1919,"233",0.9287638
"1403","Shinsei",1919,"234",0.99712
"1404","Shinsei",1919,"235",0.9093816
"1405","Shinsei",1919,"236",0.9943021
"1406","Shinsei",1919,"237",0.9985311
"1407","Shinsei",1919,"238",0.9982916
"1408","Shinsei",1919,"239",0.9884103
"1409","Shinsei",1919,"240",0.02919486
"1410","Shinsei",1919,"241",0.9998403
"1411","Shinsei",1919,"242",0.9983863
"1412","Shinsei",1919,"243",0.9999128
"1413","Shinsei",1919,"244",0.998414
"1414","Shinsei",1919,"245",0.9337298
"1415","Shinsei",1919,"246",0.9904256
"1416","Shinsei",1919,"247",0.9824947
"1417","Shinsei",1919,"248",0.9968828
"1418","Shinsei",1919,"249",0.788999
"1419","Shinsei",1919,"250",0.9966663
"1420","Shinsei",1919,"251",0.5823696
"1421","Shinsei",1919,"252",0.9999567
"1422","Shinsei",1919,"253",0.9963522
"1423","Shinsei",1919,"254",0.9538235
"1424","Shinsei",1919,"255",0.9959792
"1425","Shinsei",1919,"256",0.9975075
"1426","Shinsei",1919,"257",0.9921768
"1427","Shinsei",1919,"258",0.9987819
"1428","Shinsei",1919,"259",0.9988614
"1429","Shinsei",1919,"260",0.9999799
"1430","Shinsei",1919,"261",0.9987236
"1431","Shinsei",1919,"262",0.9943243
"1432","Shinsei",1919,"263",0.9881869
"1433","Shinsei",1919,"264",0.9340915
"1434","Shinsei",1919,"265",0.9789251
"1435","Shinsei",1919,"266",0.9981558
"1436","Shinsei",1919,"267",0.9770112
"1437","Shinsei",1919,"268",0.998751
"1438","Shinsei",1919,"269",0.878024
"1439","Shinsei",1919,"270",0.2642979
"1440","Shinsei",1919,"271",0.9935797
"1441","Shinsei",1919,"272",0.9984558
"1442","Shinsei",1919,"273",0.9823169
"1443","Shinsei",1919,"274",0.9999804
"1444","Shinsei",1919,"275",0.999997
"1445","Shinsei",1919,"276",0.1831449
"1446","Shinsei",1919,"277",0.9982768
"1447","Shinsei",1919,"278",0.9697298
"1448","Shinsei",1919,"279",0.9978676
"1449","Shinsei",1919,"280",0.9983343
"1450","Shinsei",1919,"281",0.9787627
"1451","Shinsei",1919,"282",0.999437
"1452","Shinsei",1919,"283",0.9988558
"1453","Shinsei",1919,"284",0.9999048
"1454","Shinsei",1919,"285",0.999863
"1455","Shinsei",1919,"286",0.9995964
"1456","Shinsei",1919,"287",0.9860322
"1457","Shinsei",1919,"288",0.9997092
"1458","Shinsei",1919,"289",0.9973188
"1459","Shinsei",1919,"290",0.9996657
"1460","Shinsei",1919,"291",0.9976216
"1461","Shinsei",1919,"292",0.9160997
"1462","Shinsei",1919,"293",0.9094386
"1463","Shinsei",1919,"294",0.9989629
"1464","Shinsei",1919,"295",0.9567913
"1465","Shinsei",1919,"296",0.999242
"1466","Shinsei",1919,"297",0.9056612
"1467","Shinsei",1919,"298",0.8236553
"1468","Shinsei",1919,"299",0.8384619
"1469","Shinsei",1919,"300",0.9986776
"1470","Shinsei",1919,"301",0.9966502
"1471","Shinsei",1919,"302",0.8219443
"1472","Shinsei",1919,"303",0.9978804
"1473","Shinsei",1919,"304",0.9608484
"1474","Shinsei",1919,"305",0.9761118
"1475","Shinsei",1919,"306",0.9990901
"1476","Shinsei",1919,"307",0.9942645
"1477","Shinsei",1919,"308",0.9869912
"1478","Shinsei",1919,"309",0.9856693
"1479","Shinsei",1919,"310",1.834906e-17
"1480","Shinsei",1919,"311",0.9988895
"1481","Shinsei",1919,"312",0.9998597
"1482","Shinsei",1919,"313",0.9991187
"1483","Shinsei",1919,"314",0.9997752
"1484","Shinsei",1919,"315",0.9868886
"1485","Shinsei",1919,"316",0.9994378
"1486","Shinsei",1919,"317",0.9983694
"1487","Shinsei",1919,"318",0.9994503
"1488","Shinsei",1919,"319",0.9991682
"1489","Shinsei",1919,"320",0.9998392
"1490","Shinsei",1919,"321",0.9963802
"1491","Shinsei",1919,"322",0.9946943
"1492","Shinsei",1919,"323",0.9866098
"1493","Shinsei",1919,"324",0.9659828
"1494","Shinsei",1919,"325",0.9959061
"1495","Shinsei",1919,"326",0.9892211
"1496","Shinsei",1919,"327",0.9233203
"1497","Shinsei",1919,"328",0.9944737
"1498","Shinsei",1919,"329",0.4577058
"1499","Shinsei",1919,"330",0.9663219
"1500","Shinsei",1919,"331",0.9983222
"1501","Shinsei",1919,"332",0.9129097
"1502","Shinsei",1919,"333",0.8946609
"1503","Shinsei",1919,"334",0.7790016
"1504","Shinsei",1919,"335",0.7860969
"1505","Shinsei",1919,"336",0.9978888
"1506","Sei ni mezameru koro",1920,"0",0.9994998
"1507","Sei ni mezameru koro",1920,"1",0.9951721
"1508","Sei ni mezameru koro",1920,"2",0.993751
"1509","Sei ni mezameru koro",1920,"3",0.8527628
"1510","Sei ni mezameru koro",1920,"4",0.380993
"1511","Sei ni mezameru koro",1920,"5",0.9975368
"1512","Sei ni mezameru koro",1920,"6",0.7568105
"1513","Sei ni mezameru koro",1920,"7",0.5085189
"1514","Sei ni mezameru koro",1920,"8",0.8947613
"1515","Sei ni mezameru koro",1920,"9",0.9708642
"1516","Sei ni mezameru koro",1920,"10",0.9803305
"1517","Sei ni mezameru koro",1920,"11",0.7761756
"1518","Sei ni mezameru koro",1920,"12",0.9893401
"1519","Sei ni mezameru koro",1920,"13",0.3242333
"1520","Sei ni mezameru koro",1920,"14",0.9925908
"1521","Sei ni mezameru koro",1920,"15",0.5997646
"1522","Sei ni mezameru koro",1920,"16",0.2209458
"1523","Sei ni mezameru koro",1920,"17",0.9672957
"1524","Sei ni mezameru koro",1920,"18",0.0211914
"1525","Sei ni mezameru koro",1920,"19",0.2409819
"1526","Sei ni mezameru koro",1920,"20",0.9939174
"1527","Sei ni mezameru koro",1920,"21",0.9803677
"1528","Sei ni mezameru koro",1920,"22",0.5299176
"1529","Sei ni mezameru koro",1920,"23",0.8574457
"1530","Sei ni mezameru koro",1920,"24",0.9621674
"1531","Sei ni mezameru koro",1920,"25",0.9583959
"1532","Sei ni mezameru koro",1920,"26",0.9582243
"1533","Sei ni mezameru koro",1920,"27",0.5146053
"1534","Sei ni mezameru koro",1920,"28",0.160935
"1535","Sei ni mezameru koro",1920,"29",0.01853657
"1536","Sei ni mezameru koro",1920,"30",0.5966465
"1537","Sei ni mezameru koro",1920,"31",0.9997285
"1538","Sei ni mezameru koro",1920,"32",0.9437274
"1539","Sei ni mezameru koro",1920,"33",0.1217782
"1540","Sei ni mezameru koro",1920,"34",0.9955412
"1541","Sei ni mezameru koro",1920,"35",0.9878556
"1542","Sei ni mezameru koro",1920,"36",0.9554563
"1543","Sei ni mezameru koro",1920,"37",0.6969951
"1544","Sei ni mezameru koro",1920,"38",0.8556367
"1545","Sei ni mezameru koro",1920,"39",0.8163924
"1546","Sei ni mezameru koro",1920,"40",0.2040417
"1547","Sei ni mezameru koro",1920,"41",0.6114989
"1548","Sei ni mezameru koro",1920,"42",0.9997188
"1549","Hitogokoro",1920,"0",0.9269068
"1550","Hitogokoro",1920,"1",0.4305865
"1551","Hitogokoro",1920,"2",0.4601267
"1552","Hitogokoro",1920,"3",0.8246765
"1553","Hitogokoro",1920,"4",0.969229
"1554","Hitogokoro",1920,"5",0.2353113
"1555","Hitogokoro",1920,"6",0.5639075
"1556","Hitogokoro",1920,"7",0.9724676
"1557","Hitogokoro",1920,"8",0.8392911
"1558","Hitogokoro",1920,"9",0.677881
"1559","Hitogokoro",1920,"10",0.9990974
"1560","Hitogokoro",1920,"11",0.9956898
"1561","Hitogokoro",1920,"12",0.1116085
"1562","Hitogokoro",1920,"13",0.9626924
"1563","Hitogokoro",1920,"14",0.9807209
"1564","Hitogokoro",1920,"15",0.9544865
"1565","Hitogokoro",1920,"16",0.8719997
"1566","Hitogokoro",1920,"17",0.9877862
"1567","Hitogokoro",1920,"18",0.8455498
"1568","Hitogokoro",1920,"19",0.9822192
"1569","Hitogokoro",1920,"20",0.05416338
"1570","Hitogokoro",1920,"21",0.9988084
"1571","Hitogokoro",1920,"22",0.7490344
"1572","Hitogokoro",1920,"23",0.9463233
"1573","Hitogokoro",1920,"24",0.434472
"1574","Hitogokoro",1920,"25",0.9684744
"1575","Hitogokoro",1920,"26",0.9317214
"1576","Hitogokoro",1920,"27",0.9579798
"1577","Hitogokoro",1920,"28",0.734551
"1578","Hitogokoro",1920,"29",0.9981202
"1579","Hitogokoro",1920,"30",0.9424788
"1580","Hitogokoro",1920,"31",0.146625
"1581","Hitogokoro",1920,"32",0.9895904
"1582","Hitogokoro",1920,"33",0.2778953
"1583","Hitogokoro",1920,"34",0.8849898
"1584","Hitogokoro",1920,"35",0.9269092
"1585","Hitogokoro",1920,"36",0.1723523
"1586","Hitogokoro",1920,"37",0.5793383
"1587","Hitogokoro",1920,"38",0.7655594
"1588","Hitogokoro",1920,"39",0.989599
"1589","Hitogokoro",1920,"40",0.1660287
"1590","Hitogokoro",1920,"41",0.9948564
"1591","Hitogokoro",1920,"42",0.000962331
"1592","Hitogokoro",1920,"43",0.6729958
"1593","Hitogokoro",1920,"44",0.9850935
"1594","Hitogokoro",1920,"45",0.9165458
"1595","Hitogokoro",1920,"46",0.125157
"1596","Hitogokoro",1920,"47",0.8274125
"1597","Hitogokoro",1920,"48",0.0001686881
"1598","Hitogokoro",1920,"49",0.9668146
"1599","Hitogokoro",1920,"50",0.9443915
"1600","Hitogokoro",1920,"51",0.9678569
"1601","Hitogokoro",1920,"52",0.8211574
"1602","Hitogokoro",1920,"53",0.9943622
"1603","Hitogokoro",1920,"54",0.8299339
"1604","Hitogokoro",1920,"55",0.4135382
"1605","Hitogokoro",1920,"56",0.9909073
"1606","Hitogokoro",1920,"57",0.6637154
"1607","Hitogokoro",1920,"58",0.4196589
"1608","Hitogokoro",1920,"59",0.9844317
"1609","Hitogokoro",1920,"60",0.9997104
"1610","Hitogokoro",1920,"61",0.9572908
"1611","Hitogokoro",1920,"62",0.9924418
"1612","Hitogokoro",1920,"63",0.593111
"1613","Shii no wakaba",1924,"0",0.9914115
"1614","Shii no wakaba",1924,"1",0.9997216
"1615","Shii no wakaba",1924,"2",0.9542858
"1616","Shii no wakaba",1924,"3",0.9840737
"1617","Shii no wakaba",1924,"4",0.3296404
"1618","Shii no wakaba",1924,"5",0.8074729
"1619","Shii no wakaba",1924,"6",0.9220384
"1620","Chichi wo uru ko",1924,"0",0.9954094
"1621","Chichi wo uru ko",1924,"1",0.9746102
"1622","Chichi wo uru ko",1924,"2",0.979333
"1623","Chichi wo uru ko",1924,"3",0.9949764
"1624","Chichi wo uru ko",1924,"4",0.9958793
"1625","Chichi wo uru ko",1924,"5",0.6370814
"1626","Chichi wo uru ko",1924,"6",0.9841802
"1627","Chichi wo uru ko",1924,"7",0.9820645
"1628","Chichi wo uru ko",1924,"8",0.9299062
"1629","Chichi wo uru ko",1924,"9",0.4632484
"1630","Chichi wo uru ko",1924,"10",0.2421497
"1631","Nobuko",1924,"0",0.1068828
"1632","Nobuko",1924,"1",0.999971
"1633","Nobuko",1924,"2",0.8552476
"1634","Nobuko",1924,"3",0.9999877
"1635","Nobuko",1924,"4",0.9775669
"1636","Nobuko",1924,"5",0.9979813
"1637","Nobuko",1924,"6",0.9901665
"1638","Nobuko",1924,"7",0.9941437
"1639","Nobuko",1924,"8",0.9999786
"1640","Nobuko",1924,"9",0.6141551
"1641","Nobuko",1924,"10",0.9997337
"1642","Nobuko",1924,"11",0.923014
"1643","Nobuko",1924,"12",0.9995024
"1644","Nobuko",1924,"13",0.9999012
"1645","Nobuko",1924,"14",0.6019594
"1646","Nobuko",1924,"15",0.9500679
"1647","Nobuko",1924,"16",0.9914022
"1648","Nobuko",1924,"17",0.9594738
"1649","Nobuko",1924,"18",0.9976415
"1650","Nobuko",1924,"19",0.2840882
"1651","Nobuko",1924,"20",0.4154887
"1652","Nobuko",1924,"21",0.9750019
"1653","Nobuko",1924,"22",0.9980871
"1654","Nobuko",1924,"23",0.9999667
"1655","Nobuko",1924,"24",0.998475
"1656","Nobuko",1924,"25",0.994661
"1657","Nobuko",1924,"26",0.9950503
"1658","Nobuko",1924,"27",0.9990014
"1659","Nobuko",1924,"28",0.9997035
"1660","Nobuko",1924,"29",0.999761
"1661","Nobuko",1924,"30",0.9998393
"1662","Nobuko",1924,"31",0.9995834
"1663","Nobuko",1924,"32",0.9952336
"1664","Nobuko",1924,"33",0.8273913
"1665","Nobuko",1924,"34",0.9246282
"1666","Nobuko",1924,"35",0.994533
"1667","Nobuko",1924,"36",0.999458
"1668","Nobuko",1924,"37",0.9903338
"1669","Nobuko",1924,"38",0.9999775
"1670","Nobuko",1924,"39",0.9873334
"1671","Nobuko",1924,"40",0.948446
"1672","Nobuko",1924,"41",0.9915736
"1673","Nobuko",1924,"42",0.7845984
"1674","Nobuko",1924,"43",0.9918085
"1675","Nobuko",1924,"44",0.9969071
"1676","Nobuko",1924,"45",0.9431465
"1677","Nobuko",1924,"46",0.08593802
"1678","Nobuko",1924,"47",0.9199687
"1679","Nobuko",1924,"48",0.9866972
"1680","Nobuko",1924,"49",0.9995678
"1681","Nobuko",1924,"50",0.9997906
"1682","Nobuko",1924,"51",0.9287069
"1683","Nobuko",1924,"52",0.993609
"1684","Nobuko",1924,"53",0.6032197
"1685","Nobuko",1924,"54",0.9955166
"1686","Nobuko",1924,"55",0.9936875
"1687","Nobuko",1924,"56",0.9897418
"1688","Nobuko",1924,"57",0.999842
"1689","Nobuko",1924,"58",0.9939855
"1690","Nobuko",1924,"59",0.993699
"1691","Nobuko",1924,"60",0.7961437
"1692","Nobuko",1924,"61",0.1346262
"1693","Nobuko",1924,"62",0.8599723
"1694","Nobuko",1924,"63",0.9993334
"1695","Nobuko",1924,"64",0.9835001
"1696","Nobuko",1924,"65",0.9838597
"1697","Nobuko",1924,"66",0.9538001
"1698","Nobuko",1924,"67",0.9992745
"1699","Nobuko",1924,"68",0.9999973
"1700","Nobuko",1924,"69",0.9936922
"1701","Nobuko",1924,"70",0.7673479
"1702","Nobuko",1924,"71",0.9533909
"1703","Nobuko",1924,"72",0.982107
"1704","Nobuko",1924,"73",0.9676325
"1705","Nobuko",1924,"74",0.9802634
"1706","Nobuko",1924,"75",0.8808133
"1707","Nobuko",1924,"76",0.9889933
"1708","Nobuko",1924,"77",0.9799516
"1709","Nobuko",1924,"78",0.9999556
"1710","Nobuko",1924,"79",0.9922571
"1711","Nobuko",1924,"80",0.9958139
"1712","Nobuko",1924,"81",0.9999718
"1713","Nobuko",1924,"82",0.9982263
"1714","Nobuko",1924,"83",0.9987486
"1715","Nobuko",1924,"84",0.9559529
"1716","Nobuko",1924,"85",0.9999774
"1717","Nobuko",1924,"86",0.9992563
"1718","Nobuko",1924,"87",0.9999655
"1719","Nobuko",1924,"88",0.99989
"1720","Nobuko",1924,"89",0.9999873
"1721","Nobuko",1924,"90",0.9999651
"1722","Nobuko",1924,"91",0.9936421
"1723","Nobuko",1924,"92",0.9992279
"1724","Nobuko",1924,"93",0.999949
"1725","Nobuko",1924,"94",0.9995348
"1726","Nobuko",1924,"95",0.9999258
"1727","Nobuko",1924,"96",0.9990592
"1728","Nobuko",1924,"97",0.9979524
"1729","Nobuko",1924,"98",0.9999334
"1730","Nobuko",1924,"99",0.9999754
"1731","Nobuko",1924,"100",0.5113818
"1732","Nobuko",1924,"101",0.9999653
"1733","Nobuko",1924,"102",0.9999327
"1734","Nobuko",1924,"103",0.9993254
"1735","Nobuko",1924,"104",0.999441
"1736","Nobuko",1924,"105",0.9994607
"1737","Nobuko",1924,"106",0.9997677
"1738","Nobuko",1924,"107",0.8898468
"1739","Nobuko",1924,"108",0.9814908
"1740","Nobuko",1924,"109",0.999998
"1741","Nobuko",1924,"110",0.8798479
"1742","Nobuko",1924,"111",0.989288
"1743","Nobuko",1924,"112",0.9987389
"1744","Nobuko",1924,"113",0.9974476
"1745","Nobuko",1924,"114",0.9934876
"1746","Nobuko",1924,"115",0.9861162
"1747","Nobuko",1924,"116",0.9977046
"1748","Nobuko",1924,"117",0.8037524
"1749","Nobuko",1924,"118",0.996813
"1750","Nobuko",1924,"119",0.9910132
"1751","Nobuko",1924,"120",0.997673
"1752","Nobuko",1924,"121",0.9999889
"1753","Nobuko",1924,"122",0.9533861
"1754","Nobuko",1924,"123",0.9993387
"1755","Nobuko",1924,"124",0.9193664
"1756","Nobuko",1924,"125",0.999994
"1757","Nobuko",1924,"126",0.9998831
"1758","Nobuko",1924,"127",0.9888248
"1759","Nobuko",1924,"128",0.9998064
"1760","Nobuko",1924,"129",0.9999922
"1761","Nobuko",1924,"130",0.9999453
"1762","Nobuko",1924,"131",0.9960934
"1763","Nobuko",1924,"132",0.9995058
"1764","Nobuko",1924,"133",0.09749355
"1765","Nobuko",1924,"134",0.9967664
"1766","Nobuko",1924,"135",0.3792065
"1767","Nobuko",1924,"136",0.9801289
"1768","Nobuko",1924,"137",0.9944403
"1769","Nobuko",1924,"138",0.9972948
"1770","Nobuko",1924,"139",0.9998115
"1771","Nobuko",1924,"140",0.9994271
"1772","Nobuko",1924,"141",0.99969
"1773","Nobuko",1924,"142",0.9999783
"1774","Nobuko",1924,"143",0.9990395
"1775","Nobuko",1924,"144",0.9994123
"1776","Nobuko",1924,"145",0.9413388
"1777","Nobuko",1924,"146",0.999478
"1778","Nobuko",1924,"147",0.9999653
"1779","Nobuko",1924,"148",0.9992268
"1780","Nobuko",1924,"149",0.9999715
"1781","Nobuko",1924,"150",0.9995086
"1782","Nobuko",1924,"151",0.999982
"1783","Nobuko",1924,"152",0.9957494
"1784","Nobuko",1924,"153",0.9998928
"1785","Nobuko",1924,"154",0.9998257
"1786","Nobuko",1924,"155",0.9909302
"1787","Nobuko",1924,"156",0.927273
"1788","Nobuko",1924,"157",0.133412
"1789","Nobuko",1924,"158",0.9995893
"1790","Nobuko",1924,"159",0.9980145
"1791","Nobuko",1924,"160",0.9921112
"1792","Nobuko",1924,"161",0.9969381
"1793","Nobuko",1924,"162",0.9997523
"1794","Nobuko",1924,"163",0.9999736
"1795","Nobuko",1924,"164",0.9771107
"1796","Nobuko",1924,"165",0.8871013
"1797","Nobuko",1924,"166",0.9996796
"1798","Nobuko",1924,"167",0.9907967
"1799","Nobuko",1924,"168",0.9929509
"1800","Nobuko",1924,"169",0.9781035
"1801","Nobuko",1924,"170",0.9960659
"1802","Nobuko",1924,"171",0.9992505
"1803","Nobuko",1924,"172",0.8570324
"1804","Nobuko",1924,"173",0.982131
"1805","Nobuko",1924,"174",0.9974851
"1806","Nobuko",1924,"175",0.9994815
"1807","Nobuko",1924,"176",0.9997773
"1808","Nobuko",1924,"177",0.9939621
"1809","Nobuko",1924,"178",0.9980828
"1810","Nobuko",1924,"179",0.9999868
"1811","Nobuko",1924,"180",0.9950535
"1812","Nobuko",1924,"181",0.9968878
"1813","Nobuko",1924,"182",0.9999683
"1814","Nobuko",1924,"183",0.9993035
"1815","Nobuko",1924,"184",0.9999558
"1816","Nobuko",1924,"185",0.9996933
"1817","Nobuko",1924,"186",0.9725708
"1818","Nobuko",1924,"187",0.9998084
"1819","Nobuko",1924,"188",0.9998643
"1820","Nobuko",1924,"189",0.9960744
"1821","Nobuko",1924,"190",0.980704
"1822","Nobuko",1924,"191",0.999988
"1823","Nobuko",1924,"192",0.9832528
"1824","Nobuko",1924,"193",0.9461891
"1825","Nobuko",1924,"194",0.9996534
"1826","Nobuko",1924,"195",0.9965212
"1827","Nobuko",1924,"196",0.5050393
"1828","Nobuko",1924,"197",0.903646
"1829","Nobuko",1924,"198",0.9906801
"1830","Nobuko",1924,"199",0.9972477
"1831","Nobuko",1924,"200",0.9984313
"1832","Nobuko",1924,"201",0.9999859
"1833","Nobuko",1924,"202",0.9804804
"1834","Nobuko",1924,"203",0.9983615
"1835","Nobuko",1924,"204",0.9997529
"1836","Nobuko",1924,"205",0.9979981
"1837","Nobuko",1924,"206",0.9798569
"1838","Nobuko",1924,"207",0.9999246
"1839","Nobuko",1924,"208",0.9897654
"1840","Nobuko",1924,"209",0.931281
"1841","Nobuko",1924,"210",0.999697
"1842","Nobuko",1924,"211",0.9985545
"1843","Nobuko",1924,"212",0.9980589
"1844","Nobuko",1924,"213",0.9992675
"1845","Nobuko",1924,"214",0.9990478
"1846","Nobuko",1924,"215",0.9999629
"1847","Nobuko",1924,"216",0.9962315
"1848","Nobuko",1924,"217",0.9999503
"1849","Nobuko",1924,"218",0.9979283
"1850","Nobuko",1924,"219",0.9996284
"1851","Nobuko",1924,"220",0.9999834
"1852","Nobuko",1924,"221",0.9943555
"1853","Nobuko",1924,"222",0.9942141
"1854","Nobuko",1924,"223",0.9658423
"1855","Nobuko",1924,"224",0.9998612
"1856","Nobuko",1924,"225",0.9994721
"1857","Nobuko",1924,"226",0.849838
"1858","Nobuko",1924,"227",0.9897275
"1859","Nobuko",1924,"228",0.9998295
"1860","Nobuko",1924,"229",0.9670943
"1861","Nobuko",1924,"230",0.9999983
"1862","Nobuko",1924,"231",0.9999964
"1863","Nobuko",1924,"232",0.9997092
"1864","Nobuko",1924,"233",0.9330537
"1865","Nobuko",1924,"234",0.9994524
"1866","Nobuko",1924,"235",0.9995501
"1867","Nobuko",1924,"236",0.8939396
"1868","Nobuko",1924,"237",0.852754
"1869","Nobuko",1924,"238",0.9999893
"1870","Nobuko",1924,"239",0.9997636
"1871","Nobuko",1924,"240",0.9834838
"1872","Nobuko",1924,"241",0.9995162
"1873","Nobuko",1924,"242",0.9973858
"1874","Nobuko",1924,"243",0.9997221
"1875","Nobuko",1924,"244",0.9973761
"1876","Nobuko",1924,"245",0.9989723
"1877","Nobuko",1924,"246",0.9993982
"1878","Nobuko",1924,"247",0.9960516
"1879","Nobuko",1924,"248",0.9997658
"1880","Nobuko",1924,"249",0.9993275
"1881","Nobuko",1924,"250",0.9999406
"1882","Nobuko",1924,"251",0.9974909
"1883","Nobuko",1924,"252",0.9994093
"1884","Nobuko",1924,"253",0.9984942
"1885","Nobuko",1924,"254",0.9995889
"1886","Suikyosha no dokuhaku",1927,"0",0.7123936
"1887","Suikyosha no dokuhaku",1927,"1",0.9926981
"1888","Suikyosha no dokuhaku",1927,"2",0.9959068
"1889","Suikyosha no dokuhaku",1927,"3",0.9824674
"1890","Suikyosha no dokuhaku",1927,"4",0.9737902
"1891","Suikyosha no dokuhaku",1927,"5",0.9698152
"1892","Suikyosha no dokuhaku",1927,"6",0.6351452
"1893","Suikyosha no dokuhaku",1927,"7",0.8191238
"1894","Suikyosha no dokuhaku",1927,"8",0.9983578
"1895","Suikyosha no dokuhaku",1927,"9",0.9966429
"1896","Suikyosha no dokuhaku",1927,"10",0.9704751
"1897","Suikyosha no dokuhaku",1927,"11",0.1287501
"1898","Suikyosha no dokuhaku",1927,"12",0.998446
"1899","Suikyosha no dokuhaku",1927,"13",0.9919823
"1900","Suikyosha no dokuhaku",1927,"14",0.2875893
"1901","Suikyosha no dokuhaku",1927,"15",0.9499606
"1902","Suikyosha no dokuhaku",1927,"16",0.3197659
"1903","Suikyosha no dokuhaku",1927,"17",0.9215057
"1904","Suikyosha no dokuhaku",1927,"18",0.9970649
"1905","Suikyosha no dokuhaku",1927,"19",0.8924461
"1906","Suikyosha no dokuhaku",1927,"20",0.9901125
"1907","Suikyosha no dokuhaku",1927,"21",0.4784649
"1908","Suikyosha no dokuhaku",1927,"22",0.3329325
"1909","Suikyosha no dokuhaku",1927,"23",0.5592245
"1910","Suikyosha no dokuhaku",1927,"24",0.5620824
"1911","Suikyosha no dokuhaku",1927,"25",0.8898182
"1912","Suikyosha no dokuhaku",1927,"26",0.07898795
"1913","Suikyosha no dokuhaku",1927,"27",0.9815709
"1914","Suikyosha no dokuhaku",1927,"28",0.1954295
"1915","Suikyosha no dokuhaku",1927,"29",0.9759823
"1916","Suikyosha no dokuhaku",1927,"30",0.6845426
"1917","Suika kuu hito",1927,"0",0.9992351
"1918","Suika kuu hito",1927,"1",0.3678082
"1919","Suika kuu hito",1927,"2",0.924121
"1920","Suika kuu hito",1927,"3",0.4274722
"1921","Suika kuu hito",1927,"4",0.05818476
"1922","Suika kuu hito",1927,"5",0.9639412
"1923","Suika kuu hito",1927,"6",0.9983748
"1924","Suika kuu hito",1927,"7",0.9794089
"1925","Suika kuu hito",1927,"8",0.9588663
"1926","Suika kuu hito",1927,"9",0.8744265
"1927","Suika kuu hito",1927,"10",0.9706413
"1928","Suika kuu hito",1927,"11",0.1753138
"1929","Suika kuu hito",1927,"12",0.9904053
"1930","Suika kuu hito",1927,"13",0.4472266
"1931","Suika kuu hito",1927,"14",0.5680411
"1932","Ippon no hana",1927,"0",0.9999822
"1933","Ippon no hana",1927,"1",0.9979128
"1934","Ippon no hana",1927,"2",0.9998944
"1935","Ippon no hana",1927,"3",0.9999705
"1936","Ippon no hana",1927,"4",0.9996489
"1937","Ippon no hana",1927,"5",0.9999913
"1938","Ippon no hana",1927,"6",0.9999709
"1939","Ippon no hana",1927,"7",0.9991193
"1940","Ippon no hana",1927,"8",0.9999991
"1941","Ippon no hana",1927,"9",0.9999911
"1942","Ippon no hana",1927,"10",0.9999758
"1943","Ippon no hana",1927,"11",0.9996624
"1944","Ippon no hana",1927,"12",0.9967731
"1945","Ippon no hana",1927,"13",0.9999868
"1946","Ippon no hana",1927,"14",0.9953564
"1947","Ippon no hana",1927,"15",0.9998513
"1948","Ippon no hana",1927,"16",0.9998739
"1949","Ippon no hana",1927,"17",0.9729281
"1950","Ippon no hana",1927,"18",0.997741
"1951","Ippon no hana",1927,"19",0.9999471
"1952","Ippon no hana",1927,"20",0.9998399
"1953","Ippon no hana",1927,"21",0.9992614
"1954","Ippon no hana",1927,"22",0.9860342
"1955","Ippon no hana",1927,"23",0.9994043
"1956","Ippon no hana",1927,"24",0.9929806
"1957","Ippon no hana",1927,"25",0.9756781
"1958","Ippon no hana",1927,"26",0.9784999
"1959","Ippon no hana",1927,"27",0.9997412
"1960","Ippon no hana",1927,"28",0.9995321
"1961","Shiju yonichi",1920,"0",0.9997102
"1962","Shiju yonichi",1920,"1",0.9929393
"1963","Shiju yonichi",1920,"2",0.9967985
"1964","Shiju yonichi",1920,"3",0.9935909
"1965","Shiju yonichi",1920,"4",0.9936134
"1966","Shiju yonichi",1920,"5",0.9999472
"1967","Shiju yonichi",1920,"6",0.9998945
"1968","Shiju yonichi",1920,"7",0.998891
"1969","Shiju yonichi",1920,"8",0.9999987
"1970","Shiju yonichi",1920,"9",0.9982958
"1971","Shiju yonichi",1920,"10",0.998081
"1972","Shiju yonichi",1920,"11",0.9045382
"1973","Shiju yonichi",1920,"12",0.9991981
"1974","Shiju yonichi",1920,"13",0.9497125
"1975","Shiju yonichi",1920,"14",0.9988337
"1976","Yamanote no ko",1911,"0",0.9983269
"1977","Yamanote no ko",1911,"1",0.9959025
"1978","Yamanote no ko",1911,"2",0.9498337
"1979","Yamanote no ko",1911,"3",0.9994451
"1980","Yamanote no ko",1911,"4",0.9946039
"1981","Yamanote no ko",1911,"5",0.9891959
"1982","Yamanote no ko",1911,"6",0.9789577
"1983","Yamanote no ko",1911,"7",0.9901698
"1984","Yamanote no ko",1911,"8",0.9992746
"1985","Yamanote no ko",1911,"9",0.9991017
"1986","Yamanote no ko",1911,"10",0.9999446
"1987","Yamanote no ko",1911,"11",0.9209405
"1988","Yamanote no ko",1911,"12",0.9500299
"1989","Yamanote no ko",1911,"13",0.8089015
"1990","Yamanote no ko",1911,"14",0.9993871
"1991","Yamanote no ko",1911,"15",0.9967824
"1992","Yamanote no ko",1911,"16",0.9785138
"1993","Gouku",1928,"0",0.9999965
"1994","Gouku",1928,"1",0.9996696
"1995","Gouku",1928,"2",0.9997888
"1996","Gouku",1928,"3",0.9993912
"1997","Gouku",1928,"4",0.997009
"1998","Gouku",1928,"5",0.9998345
"1999","Gouku",1928,"6",0.9999917
"2000","Gouku",1928,"7",0.9998637
"2001","Gouku",1928,"8",0.999744
"2002","Gouku",1928,"9",0.9997691
"2003","Gouku",1928,"10",0.9999491
"2004","Gouku",1928,"11",0.9994683
"2005","Gouku",1928,"12",0.9921067
"2006","Gouku",1928,"13",0.9997306
"2007","Gouku",1928,"14",0.9999884
"2008","Gouku",1928,"15",0.9999972
"2009","Gouku",1928,"16",0.9999972
"2010","Gouku",1928,"17",0.9999921
