,TITLE,PUBL_DATE,chunk_id,score
1,Aru aho no issho,1927,0,0.921656175
2,Aru aho no issho,1927,1,0.191508068
3,Aru aho no issho,1927,2,0.825755128
4,Aru aho no issho,1927,3,0.944774684
5,Aru aho no issho,1927,4,0.595808715
6,Aru aho no issho,1927,5,0.684911612
7,Aru aho no issho,1927,6,0.938446298
8,Aru aho no issho,1927,7,0.54011491
9,Aru aho no issho,1927,8,0.756266409
10,Aru aho no issho,1927,9,0.917745321
11,Aru aho no issho,1927,10,0.945209755
12,Aru aho no issho,1927,11,0.248933368
13,Aru aho no issho,1927,12,0.148295367
14,Kare ha mukashi no kare narazu,1934,0,0.99317398
15,Kare ha mukashi no kare narazu,1934,1,0.827131945
16,Kare ha mukashi no kare narazu,1934,2,0.99038157
17,Kare ha mukashi no kare narazu,1934,3,0.960494395
18,Kare ha mukashi no kare narazu,1934,4,0.352995027
19,Kare ha mukashi no kare narazu,1934,5,0.97633137
20,Kare ha mukashi no kare narazu,1934,6,0.949525405
21,Kare ha mukashi no kare narazu,1934,7,0.986213863
22,Kare ha mukashi no kare narazu,1934,8,0.168116319
23,Kare ha mukashi no kare narazu,1934,9,0.861970837
24,Kare ha mukashi no kare narazu,1934,10,0.209281353
25,Kare ha mukashi no kare narazu,1934,11,0.642746334
26,Kare ha mukashi no kare narazu,1934,12,0.362240082
27,Kare ha mukashi no kare narazu,1934,13,0.114013091
28,Kare ha mukashi no kare narazu,1934,14,0.215419247
29,Kare ha mukashi no kare narazu,1934,15,0.733118185
30,Kare ha mukashi no kare narazu,1934,16,0.735013636
31,Kare ha mukashi no kare narazu,1934,17,0.964228084
32,Kare ha mukashi no kare narazu,1934,18,0.695950886
33,Kare ha mukashi no kare narazu,1934,19,0.110100597
34,Kare ha mukashi no kare narazu,1934,20,0.788708326
35,Kare ha mukashi no kare narazu,1934,21,0.968420164
36,Kare ha mukashi no kare narazu,1934,22,0.86425364
37,Kare ha mukashi no kare narazu,1934,23,0.963899009
38,Kare ha mukashi no kare narazu,1934,24,0.228630864
39,Kare ha mukashi no kare narazu,1934,25,0.501060001
40,Kare ha mukashi no kare narazu,1934,26,0.94205159
41,Kare ha mukashi no kare narazu,1934,27,0.578674945
42,Kare ha mukashi no kare narazu,1934,28,0.268157675
43,Kare ha mukashi no kare narazu,1934,29,0.433884813
44,Yaneura no sanposha,1925,0,0.850110534
45,Yaneura no sanposha,1925,1,0.669459899
46,Yaneura no sanposha,1925,2,0.485228369
47,Yaneura no sanposha,1925,3,0.951831627
48,Yaneura no sanposha,1925,4,0.991978334
49,Yaneura no sanposha,1925,5,0.657912902
50,Yaneura no sanposha,1925,6,0.737838386
51,Yaneura no sanposha,1925,7,0.942000056
52,Yaneura no sanposha,1925,8,0.934375134
53,Yaneura no sanposha,1925,9,0.989700328
54,Yaneura no sanposha,1925,10,0.98230777
55,Yaneura no sanposha,1925,11,0.996308918
56,Yaneura no sanposha,1925,12,0.546550799
57,Yaneura no sanposha,1925,13,0.927568443
58,Yaneura no sanposha,1925,14,0.980877845
59,Yaneura no sanposha,1925,15,0.834111265
60,Yaneura no sanposha,1925,16,0.966679369
61,Yaneura no sanposha,1925,17,0.85420547
62,Yaneura no sanposha,1925,18,0.982410685
63,Yaneura no sanposha,1925,19,0.433665546
64,Yaneura no sanposha,1925,20,0.130480171
65,Yaneura no sanposha,1925,21,0.624387835
66,Yaneura no sanposha,1925,22,0.587814726
67,Yaneura no sanposha,1925,23,0.486582588
68,Yaneura no sanposha,1925,24,0.362068067
69,Yaneura no sanposha,1925,25,0.90847655
70,Yaneura no sanposha,1925,26,0.876793952
71,Yaneura no sanposha,1925,27,0.897441031
72,Yaneura no sanposha,1925,28,0.272828875
73,Yaneura no sanposha,1925,29,0.837760655
74,Yaneura no sanposha,1925,30,0.777696263
75,Satsujinki,1931,0,0.98903766
76,Satsujinki,1931,1,0.573852639
77,Satsujinki,1931,2,0.780840441
78,Satsujinki,1931,3,0.98811246
79,Satsujinki,1931,4,0.998961758
80,Satsujinki,1931,5,0.923656678
81,Akuma no deshi,1929,0,0.955235754
82,Akuma no deshi,1929,1,0.131601653
83,Akuma no deshi,1929,2,0.851244924
84,Akuma no deshi,1929,3,0.026007309
85,Akuma no deshi,1929,4,0.905470477
86,Akuma no deshi,1929,5,0.899674347
87,Akuma no deshi,1929,6,0.88107361
88,Akuma no deshi,1929,7,0.603088933
89,Akuma no deshi,1929,8,0.602973853
90,Akuma no deshi,1929,9,0.430276659
91,Akuma no deshi,1929,10,0.903367257
92,Akuma no deshi,1929,11,0.372250001
93,Akuma no deshi,1929,12,0.427124215
94,Akuma no deshi,1929,13,0.926849821
95,Akuma no deshi,1929,14,0.9865012
96,Akuma no deshi,1929,15,0.945513606
97,Akuma no deshi,1929,16,0.989043936
98,Akuma no deshi,1929,17,0.944913686
99,Akuma no deshi,1929,18,0.178964439
100,Akuma no deshi,1929,19,0.806315765
101,Akuma no deshi,1929,20,0.614650631
102,Akuma no deshi,1929,21,0.580541471
103,Akuma no deshi,1929,22,0.828835181
104,Akuma no deshi,1929,23,0.698706293
105,Akuma no deshi,1929,24,0.791701411
106,Akuma no deshi,1929,25,0.45924946
107,Akuma no deshi,1929,26,0.295813369
108,Umi ni ikiru hitobito,1926,0,0.907834287
109,Umi ni ikiru hitobito,1926,1,0.974002914
110,Umi ni ikiru hitobito,1926,2,0.772045145
111,Umi ni ikiru hitobito,1926,3,0.0754206
112,Umi ni ikiru hitobito,1926,4,0.892118218
113,Umi ni ikiru hitobito,1926,5,0.552429117
114,Umi ni ikiru hitobito,1926,6,0.255720771
115,Umi ni ikiru hitobito,1926,7,0.720372117
116,Umi ni ikiru hitobito,1926,8,0.931593678
117,Umi ni ikiru hitobito,1926,9,0.782847397
118,Umi ni ikiru hitobito,1926,10,0.494319146
119,Umi ni ikiru hitobito,1926,11,0.107323665
120,Umi ni ikiru hitobito,1926,12,0.964410799
121,Umi ni ikiru hitobito,1926,13,0.178136815
122,Umi ni ikiru hitobito,1926,14,0.98626217
123,Umi ni ikiru hitobito,1926,15,0.171579451
124,Umi ni ikiru hitobito,1926,16,0.482159134
125,Umi ni ikiru hitobito,1926,17,0.245564734
126,Umi ni ikiru hitobito,1926,18,0.512607696
127,Umi ni ikiru hitobito,1926,19,0.278193408
128,Umi ni ikiru hitobito,1926,20,0.352188566
129,Umi ni ikiru hitobito,1926,21,0.516505664
130,Umi ni ikiru hitobito,1926,22,0.523891736
131,Umi ni ikiru hitobito,1926,23,0.997099494
132,Umi ni ikiru hitobito,1926,24,0.756663668
133,Umi ni ikiru hitobito,1926,25,0.289577343
134,Umi ni ikiru hitobito,1926,26,0.645297582
135,Umi ni ikiru hitobito,1926,27,0.929500407
136,Umi ni ikiru hitobito,1926,28,0.852240331
137,Umi ni ikiru hitobito,1926,29,0.261016022
138,Umi ni ikiru hitobito,1926,30,0.127429569
139,Umi ni ikiru hitobito,1926,31,0.541108824
140,Umi ni ikiru hitobito,1926,32,0.044137424
141,Umi ni ikiru hitobito,1926,33,0.508966663
142,Umi ni ikiru hitobito,1926,34,0.960006618
143,Umi ni ikiru hitobito,1926,35,0.75288953
144,Umi ni ikiru hitobito,1926,36,0.9231898
145,Umi ni ikiru hitobito,1926,37,0.430324601
146,Umi ni ikiru hitobito,1926,38,0.884475484
147,Umi ni ikiru hitobito,1926,39,0.997728691
148,Umi ni ikiru hitobito,1926,40,0.98883408
149,Umi ni ikiru hitobito,1926,41,0.915514629
150,Umi ni ikiru hitobito,1926,42,0.353292545
151,Umi ni ikiru hitobito,1926,43,0.833530861
152,Umi ni ikiru hitobito,1926,44,0.208781555
153,Umi ni ikiru hitobito,1926,45,0.832970953
154,Umi ni ikiru hitobito,1926,46,0.512103647
155,Umi ni ikiru hitobito,1926,47,0.690504922
156,Umi ni ikiru hitobito,1926,48,0.791424894
157,Umi ni ikiru hitobito,1926,49,0.904702442
158,Umi ni ikiru hitobito,1926,50,0.84908979
159,Umi ni ikiru hitobito,1926,51,0.95466906
160,Umi ni ikiru hitobito,1926,52,0.924660284
161,Umi ni ikiru hitobito,1926,53,0.425309675
162,Umi ni ikiru hitobito,1926,54,0.719679171
163,Umi ni ikiru hitobito,1926,55,0.518075393
164,Umi ni ikiru hitobito,1926,56,0.179098128
165,Umi ni ikiru hitobito,1926,57,0.977916871
166,Umi ni ikiru hitobito,1926,58,0.594412316
167,Umi ni ikiru hitobito,1926,59,0.934690794
168,Umi ni ikiru hitobito,1926,60,0.271340019
169,Umi ni ikiru hitobito,1926,61,0.410890017
170,Umi ni ikiru hitobito,1926,62,0.934053174
171,Umi ni ikiru hitobito,1926,63,0.007380736
172,Umi ni ikiru hitobito,1926,64,0.257827923
173,Umi ni ikiru hitobito,1926,65,0.852376
174,Umi ni ikiru hitobito,1926,66,0.041419155
175,Umi ni ikiru hitobito,1926,67,0.729606453
176,Umi ni ikiru hitobito,1926,68,0.047614739
177,Umi ni ikiru hitobito,1926,69,0.865530666
178,Umi ni ikiru hitobito,1926,70,0.714224378
179,Umi ni ikiru hitobito,1926,71,0.793099987
180,Umi ni ikiru hitobito,1926,72,0.448256301
181,Umi ni ikiru hitobito,1926,73,0.857043344
182,Umi ni ikiru hitobito,1926,74,0.701967844
183,Umi ni ikiru hitobito,1926,75,0.133131053
184,Umi ni ikiru hitobito,1926,76,0.982980372
185,Umi ni ikiru hitobito,1926,77,0.98519512
186,Umi ni ikiru hitobito,1926,78,0.607544636
187,Umi ni ikiru hitobito,1926,79,0.919424423
188,Umi ni ikiru hitobito,1926,80,0.617532302
189,Umi ni ikiru hitobito,1926,81,0.336597322
190,Umi ni ikiru hitobito,1926,82,0.663653368
191,Umi ni ikiru hitobito,1926,83,0.906546891
192,Umi ni ikiru hitobito,1926,84,0.39163922
193,Umi ni ikiru hitobito,1926,85,0.844249692
194,Umi ni ikiru hitobito,1926,86,0.383740342
195,Umi ni ikiru hitobito,1926,87,0.2419633
196,Umi ni ikiru hitobito,1926,88,0.042156496
197,Umi ni ikiru hitobito,1926,89,0.604308006
198,Umi ni ikiru hitobito,1926,90,0.009483684
199,Umi ni ikiru hitobito,1926,91,0.517150604
200,Umi ni ikiru hitobito,1926,92,0.051109802
201,Umi ni ikiru hitobito,1926,93,0.026716126
202,Umi ni ikiru hitobito,1926,94,0.694882738
203,Umi ni ikiru hitobito,1926,95,0.292957899
204,Umi ni ikiru hitobito,1926,96,0.80876902
205,Umi ni ikiru hitobito,1926,97,0.719497813
206,Umi ni ikiru hitobito,1926,98,0.067208821
207,Umi ni ikiru hitobito,1926,99,0.848841271
208,Umi ni ikiru hitobito,1926,100,0.038310577
209,Umi ni ikiru hitobito,1926,101,0.178021343
210,Umi ni ikiru hitobito,1926,102,0.903199461
211,Umi ni ikiru hitobito,1926,103,0.8914079
212,Umi ni ikiru hitobito,1926,104,0.373753451
213,Umi ni ikiru hitobito,1926,105,0.289305448
214,Umi ni ikiru hitobito,1926,106,0.90749001
215,Umi ni ikiru hitobito,1926,107,0.920693598
216,Umi ni ikiru hitobito,1926,108,0.403911312
217,Umi ni ikiru hitobito,1926,109,0.222816261
218,Umi ni ikiru hitobito,1926,110,0.324676202
219,Umi ni ikiru hitobito,1926,111,0.913363331
220,Umi ni ikiru hitobito,1926,112,0.758890847
221,Umi ni ikiru hitobito,1926,113,0.664223225
222,Umi ni ikiru hitobito,1926,114,0.189953619
223,Umi ni ikiru hitobito,1926,115,0.012244071
224,Umi ni ikiru hitobito,1926,116,0.08637985
225,Umi ni ikiru hitobito,1926,117,0.94226003
226,Umi ni ikiru hitobito,1926,118,0.359815772
227,Umi ni ikiru hitobito,1926,119,0.404972083
228,Umi ni ikiru hitobito,1926,120,0.649469591
229,Umi ni ikiru hitobito,1926,121,0.153582688
230,Umi ni ikiru hitobito,1926,122,0.851898731
231,Umi ni ikiru hitobito,1926,123,0.365497288
232,Umi ni ikiru hitobito,1926,124,0.032899985
233,Umi ni ikiru hitobito,1926,125,0.079036375
234,Umi ni ikiru hitobito,1926,126,0.202433302
235,Umi ni ikiru hitobito,1926,127,0.88953303
236,Umi ni ikiru hitobito,1926,128,0.454545335
237,Umi ni ikiru hitobito,1926,129,0.974578391
238,Umi ni ikiru hitobito,1926,130,0.900287616
239,Umi ni ikiru hitobito,1926,131,0.711727761
240,Umi ni ikiru hitobito,1926,132,0.802961337
241,Umi ni ikiru hitobito,1926,133,0.869021281
242,Umi ni ikiru hitobito,1926,134,0.923510264
243,Umi ni ikiru hitobito,1926,135,0.972479461
244,Umi ni ikiru hitobito,1926,136,0.969223274
245,Umi ni ikiru hitobito,1926,137,0.904440316
246,Umi ni ikiru hitobito,1926,138,0.70070159
247,Umi ni ikiru hitobito,1926,139,0.935074739
248,Umi ni ikiru hitobito,1926,140,0.768609671
249,Umi ni ikiru hitobito,1926,141,0.713636424
250,Umi ni ikiru hitobito,1926,142,0.04606934
251,Umi ni ikiru hitobito,1926,143,0.782018706
252,Umi ni ikiru hitobito,1926,144,0.055757476
253,Umi ni ikiru hitobito,1926,145,0.765676921
254,Umi ni ikiru hitobito,1926,146,0.920948785
255,Umi ni ikiru hitobito,1926,147,0.974716921
256,Umi ni ikiru hitobito,1926,148,0.33355712
257,Umi ni ikiru hitobito,1926,149,0.050919727
258,Umi ni ikiru hitobito,1926,150,0.884593397
259,Umi ni ikiru hitobito,1926,151,0.677572665
260,Umi ni ikiru hitobito,1926,152,0.58327178
261,Umi ni ikiru hitobito,1926,153,0.111301645
262,Umi ni ikiru hitobito,1926,154,0.011336251
263,Umi ni ikiru hitobito,1926,155,0.119824262
264,Umi ni ikiru hitobito,1926,156,0.148375268
265,Umi ni ikiru hitobito,1926,157,0.012773425
266,Umi ni ikiru hitobito,1926,158,0.495017968
267,Umi ni ikiru hitobito,1926,159,0.00644182
268,Umi ni ikiru hitobito,1926,160,0.223069453
269,Umi ni ikiru hitobito,1926,161,0.814444009
270,Umi ni ikiru hitobito,1926,162,0.429415321
271,Umi ni ikiru hitobito,1926,163,0.04256835
272,Umi ni ikiru hitobito,1926,164,0.483368598
273,Umi ni ikiru hitobito,1926,165,0.307407439
274,Umi ni ikiru hitobito,1926,166,0.103543924
275,Umi ni ikiru hitobito,1926,167,0.044694508
276,Umi ni ikiru hitobito,1926,168,0.386142136
277,Umi ni ikiru hitobito,1926,169,0.80935796
278,Umi ni ikiru hitobito,1926,170,0.678754336
279,Umi ni ikiru hitobito,1926,171,0.308475975
280,Umi ni ikiru hitobito,1926,172,0.192665392
281,Umi ni ikiru hitobito,1926,173,0.963209228
282,Umi ni ikiru hitobito,1926,174,0.891976406
283,Heima to uguisu,1927,0,0.894618653
284,Heima to uguisu,1927,1,0.179524342
285,Heima to uguisu,1927,2,0.996185865
286,Heima to uguisu,1927,3,0.906644965
287,Heima to uguisu,1927,4,0.975208241
288,Heima to uguisu,1927,5,0.988214486
289,Heima to uguisu,1927,6,0.995673404
290,Heima to uguisu,1927,7,0.966214638
291,Heima to uguisu,1927,8,0.997203224
292,Heima to uguisu,1927,9,0.928406679
293,Heima to uguisu,1927,10,0.992546087
294,Shinban horoki,1928,0,0.988343072
295,Shinban horoki,1928,1,0.951295229
296,Shinban horoki,1928,2,0.996083993
297,Shinban horoki,1928,3,0.996376524
298,Shinban horoki,1928,4,0.972946635
299,Shinban horoki,1928,5,0.988011373
300,Shinban horoki,1928,6,0.999005196
301,Shinban horoki,1928,7,0.927281936
302,Shinban horoki,1928,8,0.438038498
303,Shinban horoki,1928,9,0.993802444
304,Shinban horoki,1928,10,0.975998477
305,Shinban horoki,1928,11,0.932835635
306,Shinban horoki,1928,12,0.99397429
307,Shinban horoki,1928,13,0.958490682
308,Shinban horoki,1928,14,0.788864383
309,Shinban horoki,1928,15,0.945198554
310,Shinban horoki,1928,16,0.974941509
311,Shinban horoki,1928,17,0.941493696
312,Shinban horoki,1928,18,0.995539931
313,Shinban horoki,1928,19,0.991413131
314,Shinban horoki,1928,20,0.883552224
315,Shinban horoki,1928,21,0.985569091
316,Shinban horoki,1928,22,0.989535018
317,Shinban horoki,1928,23,0.928463629
318,Shinban horoki,1928,24,0.969586185
319,Shinban horoki,1928,25,0.94945624
320,Shinban horoki,1928,26,0.948644083
321,Shinban horoki,1928,27,0.893516987
322,Shinban horoki,1928,28,0.979669279
323,Shinban horoki,1928,29,0.992855154
324,Shinban horoki,1928,30,0.998715312
325,Shinban horoki,1928,31,0.98297724
326,Shinban horoki,1928,32,0.997732599
327,Shinban horoki,1928,33,0.99520546
328,Shinban horoki,1928,34,0.998059746
329,Shinban horoki,1928,35,0.97129911
330,Shinban horoki,1928,36,0.99208531
331,Shinban horoki,1928,37,0.968529077
332,Shinban horoki,1928,38,0.026271947
333,Shinban horoki,1928,39,0.998259774
334,Shinban horoki,1928,40,0.999237275
335,Shinban horoki,1928,41,0.152896961
336,Shinban horoki,1928,42,0.950232614
337,Shinban horoki,1928,43,0.878707841
338,Shinban horoki,1928,44,0.847384707
339,Shinban horoki,1928,45,0.957048586
340,Shinban horoki,1928,46,0.643749746
341,Shinban horoki,1928,47,0.987220287
342,Shinban horoki,1928,48,0.998516084
343,Shinban horoki,1928,49,0.988427709
344,Shinban horoki,1928,50,0.878436624
345,Shinban horoki,1928,51,0.035384761
346,Shinban horoki,1928,52,0.991561533
347,Shinban horoki,1928,53,0.984564054
348,Shinban horoki,1928,54,0.997602955
349,Shinban horoki,1928,55,0.987644257
350,Shinban horoki,1928,56,0.994050484
351,Shinban horoki,1928,57,0.999496567
352,Shinban horoki,1928,58,0.99451752
353,Shinban horoki,1928,59,0.995551168
354,Shinban horoki,1928,60,0.900216768
355,Shinban horoki,1928,61,0.995872231
356,Shinban horoki,1928,62,0.996294119
357,Shinban horoki,1928,63,0.999919596
358,Shinban horoki,1928,64,0.99967476
359,Shinban horoki,1928,65,0.996138986
360,Shinban horoki,1928,66,0.95390719
361,Shinban horoki,1928,67,0.973232778
362,Shinban horoki,1928,68,0.971463043
363,Shinban horoki,1928,69,0.991994094
364,Shinban horoki,1928,70,0.997515368
365,Shinban horoki,1928,71,0.739893563
366,Shinban horoki,1928,72,0.959561374
367,Shinban horoki,1928,73,0.940064389
368,Shinban horoki,1928,74,0.932070248
369,Shinban horoki,1928,75,0.995459711
370,Shinban horoki,1928,76,0.868738067
371,Shinban horoki,1928,77,0.972081988
372,Shinban horoki,1928,78,0.013210283
373,Shinban horoki,1928,79,0.993249825
374,Shinban horoki,1928,80,0.96909555
375,Shinban horoki,1928,81,0.997390333
376,Shinban horoki,1928,82,0.374880976
377,Shinban horoki,1928,83,0.973045638
378,Shinban horoki,1928,84,0.986408504
379,Shinban horoki,1928,85,0.891391662
380,Shinban horoki,1928,86,0.977962011
381,Shinban horoki,1928,87,0.966168117
382,Shinban horoki,1928,88,0.899737235
383,Shinban horoki,1928,89,0.282133211
384,Shinban horoki,1928,90,0.938250691
385,Shinban horoki,1928,91,0.131431393
386,Shinban horoki,1928,92,0.866549551
387,Shinban horoki,1928,93,0.998449323
388,Shinban horoki,1928,94,0.992730955
389,Shinban horoki,1928,95,0.976787572
390,Shinban horoki,1928,96,0.99136805
391,Shinban horoki,1928,97,0.806560116
392,Shinban horoki,1928,98,0.993912708
393,Shinban horoki,1928,99,0.99791039
394,Shinban horoki,1928,100,0.992399144
395,Shinban horoki,1928,101,0.988927781
396,Shinban horoki,1928,102,0.997339769
397,Shinban horoki,1928,103,0.969673974
398,Shinban horoki,1928,104,0.794341074
399,Shinban horoki,1928,105,0.995933815
400,Shinban horoki,1928,106,0.182304884
401,Shinban horoki,1928,107,0.552319598
402,Shinban horoki,1928,108,0.983794469
403,Shinban horoki,1928,109,0.962251531
404,Shinban horoki,1928,110,0.773418497
405,Shinban horoki,1928,111,0.986264482
406,Shinban horoki,1928,112,0.943622736
407,Shinban horoki,1928,113,0.996664271
408,Shinban horoki,1928,114,0.888509597
409,Shinban horoki,1928,115,0.968298149
410,Shinban horoki,1928,116,0.90937441
411,Shinban horoki,1928,117,0.513438997
412,Shinban horoki,1928,118,0.92397959
413,Shinban horoki,1928,119,0.45708721
414,Shinban horoki,1928,120,0.985124937
415,Shinban horoki,1928,121,0.9831579
416,Shinban horoki,1928,122,0.996769988
417,Shinban horoki,1928,123,0.995413365
418,Shinban horoki,1928,124,0.424106826
419,Shinban horoki,1928,125,0.981984182
420,Shinban horoki,1928,126,0.913246981
421,Shinban horoki,1928,127,0.119121294
422,Shinban horoki,1928,128,0.960686944
423,Shinban horoki,1928,129,0.665463428
424,Shinban horoki,1928,130,0.130716471
425,Shinban horoki,1928,131,0.232196743
426,Shinban horoki,1928,132,0.573473884
427,Shinban horoki,1928,133,0.30666666
428,Shinban horoki,1928,134,0.97357575
429,Shinban horoki,1928,135,0.985597653
430,Shinban horoki,1928,136,0.980632218
431,Shinban horoki,1928,137,0.98054389
432,Shinban horoki,1928,138,0.13273449
433,Shinban horoki,1928,139,0.049710452
434,Shinban horoki,1928,140,0.982719278
435,Shinban horoki,1928,141,0.886198496
436,Shinban horoki,1928,142,0.983049533
437,Shinban horoki,1928,143,0.901503634
438,Shinban horoki,1928,144,0.681863439
439,Shinban horoki,1928,145,0.923765238
440,Shinban horoki,1928,146,0.29047556
441,Shinban horoki,1928,147,0.947486285
442,Shinban horoki,1928,148,0.980734045
443,Shinban horoki,1928,149,0.993389357
444,Shinban horoki,1928,150,0.730597014
445,Shinban horoki,1928,151,0.950407167
446,Shinban horoki,1928,152,0.98069618
447,Shinban horoki,1928,153,0.986013171
448,Shinban horoki,1928,154,0.94040959
449,Shinban horoki,1928,155,0.995157649
450,Shinban horoki,1928,156,0.996336028
451,Shinban horoki,1928,157,0.882506872
452,Shinban horoki,1928,158,0.784259278
453,Shinban horoki,1928,159,0.952736859
454,Shinban horoki,1928,160,0.971421171
455,Shinban horoki,1928,161,0.998509799
456,Shinban horoki,1928,162,0.967280256
457,Shinban horoki,1928,163,0.99223622
458,Shinban horoki,1928,164,0.979837246
459,Shinban horoki,1928,165,0.838666733
460,Shinban horoki,1928,166,0.999916981
461,Shinban horoki,1928,167,0.988346148
462,Shinban horoki,1928,168,0.920519022
463,Shinban horoki,1928,169,0.094100815
464,Shinban horoki,1928,170,0.70706327
465,Shinban horoki,1928,171,0.356930688
466,Shinban horoki,1928,172,0.976872193
467,Shinban horoki,1928,173,0.996621259
468,Shinban horoki,1928,174,0.980919487
469,Shinban horoki,1928,175,0.993760614
470,Shinban horoki,1928,176,0.985674876
471,Shinban horoki,1928,177,0.994460189
472,Shinban horoki,1928,178,0.999681682
473,Shinban horoki,1928,179,0.999419325
474,Shinban horoki,1928,180,0.999758741
475,Shinban horoki,1928,181,0.985882151
476,Shinban horoki,1928,182,0.966195186
477,Shinban horoki,1928,183,0.994444282
478,Shinban horoki,1928,184,0.992979471
479,Shinban horoki,1928,185,0.987608063
480,Shinban horoki,1928,186,0.696042783
481,Shinban horoki,1928,187,0.497594212
482,Shinban horoki,1928,188,0.974641647
483,Shinban horoki,1928,189,0.966338367
484,Shinban horoki,1928,190,0.999749522
485,Shinban horoki,1928,191,0.998548361
486,Shinban horoki,1928,192,0.986571589
487,Shinban horoki,1928,193,0.994700086
488,Shinban horoki,1928,194,0.775889277
489,Shinban horoki,1928,195,0.996305999
490,Shinban horoki,1928,196,0.999990657
491,Shinban horoki,1928,197,0.996797102
492,Shinban horoki,1928,198,0.991416573
493,Shinban horoki,1928,199,0.99576179
494,Shinban horoki,1928,200,0.984211818
495,Shinban horoki,1928,201,0.982965143
496,Shinban horoki,1928,202,0.995141439
497,Shinban horoki,1928,203,0.977713416
498,Shinban horoki,1928,204,0.958705979
499,Shinban horoki,1928,205,0.998443547
500,Shinban horoki,1928,206,0.99692914
501,Shinban horoki,1928,207,0.999826361
502,Shinban horoki,1928,208,0.991414243
503,Shinban horoki,1928,209,0.984818375
504,Shinban horoki,1928,210,0.40736061
505,Shinban horoki,1928,211,0.986167469
506,Shinban horoki,1928,212,0.640339503
507,Shinban horoki,1928,213,0.994735412
508,Shinban horoki,1928,214,0.9972647
509,Shinban horoki,1928,215,0.911316036
510,Shinban horoki,1928,216,0.642176007
511,Shinban horoki,1928,217,0.950330119
512,Shinban horoki,1928,218,0.879209011
513,Shinban horoki,1928,219,0.998311814
514,Shinban horoki,1928,220,0.944564813
515,Shinban horoki,1928,221,0.802236892
516,Shinban horoki,1928,222,0.956601828
517,Shinban horoki,1928,223,0.991647287
518,Shinban horoki,1928,224,0.98868456
519,Shinban horoki,1928,225,0.696050022
520,Shinban horoki,1928,226,0.999382296
521,Shinban horoki,1928,227,0.866336703
522,Shinban horoki,1928,228,0.527911021
523,Shinban horoki,1928,229,0.999562587
524,Shinban horoki,1928,230,0.929070705
525,Shinban horoki,1928,231,0.970434279
526,Shinban horoki,1928,232,0.995259246
527,Shinban horoki,1928,233,0.998591368
528,Shinban horoki,1928,234,0.969211768
529,Shinban horoki,1928,235,0.496249758
530,Shinban horoki,1928,236,0.994684728
531,Shinban horoki,1928,237,0.998490101
532,Shinban horoki,1928,238,0.996593337
533,Shinban horoki,1928,239,0.970391761
534,Shinban horoki,1928,240,0.940524465
535,Shinban horoki,1928,241,0.999985178
536,Shinban horoki,1928,242,0.869076339
537,Shinban horoki,1928,243,0.954851961
538,Shinban horoki,1928,244,0.995976583
539,Shinban horoki,1928,245,0.999871625
540,Shinban horoki,1928,246,0.99850032
541,Shinban horoki,1928,247,0.96092189
542,Shinban horoki,1928,248,0.614621342
543,Shinban horoki,1928,249,0.811181457
544,Shinban horoki,1928,250,0.994204437
545,Shinban horoki,1928,251,0.998836934
546,Shinban horoki,1928,252,0.955550818
547,Shinban horoki,1928,253,0.994828041
548,Shinban horoki,1928,254,0.99801112
549,Shinban horoki,1928,255,0.999730626
550,Shinban horoki,1928,256,0.920753749
551,Shinban horoki,1928,257,0.995784488
552,Shinban horoki,1928,258,0.986222244
553,Shinban horoki,1928,259,0.719158704
554,Shinban horoki,1928,260,0.995707049
555,Shinban horoki,1928,261,0.999956335
556,Shinban horoki,1928,262,0.999288138
557,Shinban horoki,1928,263,0.997975142
558,Shinban horoki,1928,264,0.99980526
559,Shinban horoki,1928,265,0.997399173
560,Shinban horoki,1928,266,0.930719705
561,Shinban horoki,1928,267,0.978710311
562,Shinban horoki,1928,268,0.998176997
563,Fukin to sakana no machi,1931,0,0.879149195
564,Fukin to sakana no machi,1931,1,0.975108982
565,Fukin to sakana no machi,1931,2,0.964618033
566,Fukin to sakana no machi,1931,3,0.983698479
567,Fukin to sakana no machi,1931,4,0.983078315
568,Fukin to sakana no machi,1931,5,0.999016485
569,Fukin to sakana no machi,1931,6,0.999495144
570,Fukin to sakana no machi,1931,7,0.999934937
571,Fukin to sakana no machi,1931,8,0.989457086
572,Fukin to sakana no machi,1931,9,0.925768754
573,Fukin to sakana no machi,1931,10,0.986105842
574,Fukin to sakana no machi,1931,11,0.742042678
575,Fukin to sakana no machi,1931,12,0.926819927
576,Fukin to sakana no machi,1931,13,0.998577599
577,Fukin to sakana no machi,1931,14,0.683083803
578,Himitsu,1926,0,0.832821572
579,Himitsu,1926,1,0.918484402
580,Himitsu,1926,2,0.768407967
581,Himitsu,1926,3,0.540707948
582,Himitsu,1926,4,0.071237094
583,Himitsu,1926,5,0.713798238
584,Himitsu,1926,6,0.987787208
585,Himitsu,1926,7,0.852044857
586,Himitsu,1926,8,0.326591263
587,Himitsu,1926,9,0.321586688
588,Himitsu,1926,10,0.926557824
589,Himitsu,1926,11,0.588301719
590,Himitsu,1926,12,0.552531334
591,Himitsu,1926,13,0.96310754
592,Himitsu,1926,14,0.258425793
593,Himitsu,1926,15,0.99393929
594,Chiryoshitsu nite,1927,0,0.999086044
595,Chiryoshitsu nite,1927,1,0.996856881
596,Chiryoshitsu nite,1927,2,0.992906708
597,Chiryoshitsu nite,1927,3,0.999204589
598,Chiryoshitsu nite,1927,4,0.992562053
599,Chiryoshitsu nite,1927,5,0.999329037
600,Chiryoshitsu nite,1927,6,0.999293396
601,Chiryoshitsu nite,1927,7,0.999456988
602,Chiryoshitsu nite,1927,8,0.997934499
603,Chiryoshitsu nite,1927,9,0.989384602
604,Chiryoshitsu nite,1927,10,0.996365754
605,Chiryoshitsu nite,1927,11,0.987597733
606,Chiryoshitsu nite,1927,12,0.998060964
607,Chiryoshitsu nite,1927,13,0.996246093
608,Chiryoshitsu nite,1927,14,0.996494206
609,Mato,1937,0,0.62916879
610,Mato,1937,1,0.991008619
611,Mato,1937,2,0.883138306
612,Mato,1937,3,0.998456799
613,Mato,1937,4,0.075298704
614,Mato,1937,5,0.979290705
615,Mato,1937,6,0.411393443
616,Mato,1937,7,0.811807678
617,Mato,1937,8,0.991742685
618,Mato,1937,9,0.956318183
619,Mato,1937,10,0.943423168
620,Mato,1937,11,0.668721327
621,Mato,1937,12,0.989503174
622,Mato,1937,13,0.997660095
623,Mato,1937,14,0.408125752
624,Mato,1937,15,0.992040892
625,Mato,1937,16,0.99931468
626,Mato,1937,17,0.942030521
627,Mato,1937,18,0.861628499
628,Mato,1937,19,0.999449478
629,Mato,1937,20,0.974817468
630,Mato,1937,21,0.988706191
631,Mato,1937,22,0.134138572
632,Mato,1937,23,0.956654342
633,Mato,1937,24,0.680252829
634,Mato,1937,25,0.786703341
635,Mato,1937,26,0.99582785
636,Mato,1937,27,0.995930931
637,Mato,1937,28,0.457631915
638,Mato,1937,29,0.999243899
639,Mato,1937,30,0.995990456
640,Mato,1937,31,0.999251669
641,Mato,1937,32,0.003468701
642,Mato,1937,33,0.999807225
643,Mato,1937,34,0.552946725
644,Mato,1937,35,0.998953407
645,Mato,1937,36,0.973717047
646,Mato,1937,37,0.999975197
647,Mato,1937,38,0.998198164
648,Mato,1937,39,0.895354437
649,Mato,1937,40,0.996595745
650,Mato,1937,41,0.993130027
651,Mato,1937,42,0.999155346
652,Mato,1937,43,0.999563938
653,Mato,1937,44,0.998306525
654,Mato,1937,45,0.983559198
655,Mato,1937,46,0.942266644
656,Mato,1937,47,0.996868419
657,Mato,1937,48,0.998573988
658,Mato,1937,49,0.999912611
659,Mato,1937,50,0.957516272
660,Mato,1937,51,0.99979516
661,Mato,1937,52,0.955366467
662,Mato,1937,53,0.940027355
663,Mato,1937,54,0.804620398
664,Mato,1937,55,0.998953823
665,Mato,1937,56,0.998205043
666,Mato,1937,57,0.998122158
667,Mato,1937,58,0.999613605
668,Mato,1937,59,0.997359225
669,Mato,1937,60,0.891640774
670,Mato,1937,61,0.979869389
671,Mato,1937,62,0.997893505
672,Mato,1937,63,0.99376943
673,Mato,1937,64,0.99464936
674,Mato,1937,65,0.997473164
675,Mato,1937,66,0.347660523
676,Mato,1937,67,0.944379205
677,Mato,1937,68,0.861740277
678,Mato,1937,69,0.71374261
679,Mato,1937,70,0.998683532
680,Mato,1937,71,0.999116881
681,Mato,1937,72,0.946786594
682,Mato,1937,73,0.869150704
683,Mato,1937,74,0.648598981
684,Mato,1937,75,0.999947538
685,Mato,1937,76,0.996250051
686,Mato,1937,77,0.983320306
687,Mato,1937,78,0.979013815
688,Mato,1937,79,0.980428602
689,Mato,1937,80,0.947446539
690,Mato,1937,81,0.999899595
691,Mato,1937,82,0.992204746
692,Mato,1937,83,0.95338062
693,Mato,1937,84,0.214306056
694,Mato,1937,85,0.990017193
695,Mato,1937,86,0.987274486
696,Mato,1937,87,0.450666571
697,Mato,1937,88,0.973545193
698,Mato,1937,89,0.880487104
699,Mato,1937,90,0.971073799
700,Mato,1937,91,0.953038236
701,Mato,1937,92,0.136003772
702,Mato,1937,93,0.996683162
703,Mato,1937,94,0.872450826
704,Mato,1937,95,0.997472966
705,Mato,1937,96,0.989092882
706,Mato,1937,97,0.99938316
707,Mato,1937,98,0.999891146
708,Mato,1937,99,0.906113917
709,Mato,1937,100,0.996159495
710,Mato,1937,101,0.989191671
711,Mato,1937,102,0.992475769
712,Mato,1937,103,0.955648482
713,Mato,1937,104,0.992219708
714,Mato,1937,105,0.998787352
715,Mato,1937,106,0.974004064
716,Mato,1937,107,0.954654583
717,Mato,1937,108,0.994264364
718,Mato,1937,109,0.995958936
719,Mato,1937,110,0.985065316
720,Mato,1937,111,0.991818677
721,Mato,1937,112,0.948523054
722,Mato,1937,113,0.999209598
723,Mato,1937,114,0.999963685
724,Mato,1937,115,0.999688215
725,Mato,1937,116,0.986095691
726,Mato,1937,117,0.905533467
727,Mato,1937,118,0.998190128
728,Mato,1937,119,0.887965288
729,Mato,1937,120,0.999959135
730,Mato,1937,121,0.999744532
731,Mato,1937,122,0.999982144
732,Mato,1937,123,0.999295343
733,Mato,1937,124,0.996032504
734,Mato,1937,125,0.99226899
735,Mato,1937,126,0.99419787
736,Mato,1937,127,0.999862091
737,Mato,1937,128,0.989275913
738,Mato,1937,129,0.989617645
739,Mato,1937,130,0.993052383
740,Mato,1937,131,0.999264002
741,Mato,1937,132,0.999961806
742,Mato,1937,133,0.994654146
743,Mato,1937,134,0.99843246
744,Mato,1937,135,0.996531431
745,Mato,1937,136,0.84776315
746,Mato,1937,137,0.993968834
747,Mato,1937,138,0.997570293
748,Mato,1937,139,0.978355805
749,Mato,1937,140,0.975123339
750,Mato,1937,141,0.998257365
751,Mato,1937,142,0.978172485
752,Mato,1937,143,0.882661054
753,Mato,1937,144,0.99948275
754,Mato,1937,145,0.995116365
755,Mato,1937,146,0.210168765
756,Mato,1937,147,0.891565611
757,Mato,1937,148,0.98534793
758,Mato,1937,149,0.996545546
759,Mato,1937,150,0.991515431
760,Mato,1937,151,0.839253996
761,Mato,1937,152,0.999118647
762,Mato,1937,153,0.999575924
763,Mato,1937,154,0.198396318
764,Mato,1937,155,0.998233037
765,Mato,1937,156,0.917520306
766,Mato,1937,157,0.869280968
767,Mato,1937,158,0.999995851
768,Mato,1937,159,0.999890804
769,Mato,1937,160,0.994495042
770,Mato,1937,161,0.999656356
771,Mato,1937,162,0.997523118
772,Mato,1937,163,0.963244441
773,Mato,1937,164,0.985546035
774,Mato,1937,165,0.986659739
775,Mato,1937,166,0.957501867
776,Mato,1937,167,0.876138779
777,Mato,1937,168,0.995515319
778,Mato,1937,169,0.999833982
779,Mato,1937,170,0.999844504
780,Mato,1937,171,0.994133902
781,Mato,1937,172,0.898259324
782,Mato,1937,173,0.996464687
783,Mato,1937,174,0.714947947
784,Mato,1937,175,0.966793584
785,Mato,1937,176,0.999743019
786,Mato,1937,177,0.999658373
787,Mato,1937,178,0.356732746
788,Mato,1937,179,0.961203324
789,Mato,1937,180,0.994872226
790,Mato,1937,181,0.999381508
791,Mato,1937,182,0.999784782
792,Mato,1937,183,0.977451173
793,Mato,1937,184,0.999042755
794,Mato,1937,185,0.12506572
795,Mato,1937,186,0.99369095
796,Mato,1937,187,0.974719148
797,Mato,1937,188,0.998514254
798,Mato,1937,189,0.999848016
799,Mato,1937,190,0.916129277
800,Mato,1937,191,0.990111795
801,Mato,1937,192,0.977569147
802,Mato,1937,193,0.937833479
803,Mato,1937,194,0.891692566
804,Mato,1937,195,0.980706727
805,Mato,1937,196,0.986678871
806,Mato,1937,197,0.990201164
807,Mato,1937,198,0.82927353
808,Mato,1937,199,0.750345979
809,Mato,1937,200,0.991250036
810,Mato,1937,201,0.708384553
811,Mato,1937,202,0.912463533
812,Mato,1937,203,0.974105348
813,Mato,1937,204,0.985600992
814,Mato,1937,205,0.995252167
815,Mato,1937,206,0.930823482
816,Mato,1937,207,0.830935741
817,Mato,1937,208,0.999959723
818,Mato,1937,209,0.999983297
819,Mato,1937,210,0.999871531
820,Mato,1937,211,0.994447871
821,Mato,1937,212,0.955572774
822,Mato,1937,213,0.99870332
823,Mato,1937,214,0.993380125
824,Mato,1937,215,0.999119715
825,Mato,1937,216,0.967683384
826,Mato,1937,217,0.874256496
827,Mato,1937,218,0.998367276
828,Mato,1937,219,0.978329801
829,Mato,1937,220,0.988163801
830,Mato,1937,221,0.939942767
831,Mato,1937,222,0.995803088
832,Mato,1937,223,0.895566493
833,Mato,1937,224,0.999279139
834,Mato,1937,225,0.981303514
835,Mato,1937,226,0.931746102
836,Mato,1937,227,0.535167705
837,Mato,1937,228,0.993072778
838,Mato,1937,229,0.981047271
839,Mato,1937,230,0.991252432
840,Mato,1937,231,0.997762886
841,Mato,1937,232,0.996598372
842,Mato,1937,233,0.998152209
843,Mato,1937,234,0.999404738
844,Mato,1937,235,0.021553822
845,Mato,1937,236,0.96965739
846,Mato,1937,237,0.899522458
847,Mato,1937,238,0.868210027
848,Mato,1937,239,0.876513984
849,Mato,1937,240,0.945719687
850,Mato,1937,241,0.97455302
851,Mato,1937,242,0.998512429
852,Mato,1937,243,0.899485882
853,Mato,1937,244,0.888697888
854,Mato,1937,245,0.943360982
855,Mato,1937,246,0.999088577
856,Mato,1937,247,0.950768919
857,Mato,1937,248,0.999909268
858,Mato,1937,249,0.991468449
859,Mato,1937,250,0.994608099
860,Mato,1937,251,0.952911595
861,Mato,1937,252,0.851604265
862,Mato,1937,253,0.994658436
863,Mato,1937,254,0.994651453
864,Mato,1937,255,0.734242346
865,Mato,1937,256,0.845716858
866,Mato,1937,257,0.996266797
867,Mato,1937,258,0.999854466
868,Mato,1937,259,0.008003368
869,Mato,1937,260,0.97230204
870,Mato,1937,261,0.994174446
871,Mato,1937,262,0.997045705
872,Mato,1937,263,0.729157165
873,Mato,1937,264,0.999135328
874,Mato,1937,265,0.997719635
875,Mato,1937,266,0.8957126
876,Mato,1937,267,0.933471922
877,Mato,1937,268,0.948926345
878,Mato,1937,269,0.947597231
879,Mato,1937,270,0.999958884
880,Mato,1937,271,0.944803013
881,Mato,1937,272,0.999824373
882,Mato,1937,273,0.984136147
883,Mato,1937,274,0.831750918
884,Mato,1937,275,0.946436072
885,Mato,1937,276,0.265437345
886,Mato,1937,277,0.960061168
887,Mato,1937,278,0.939285718
888,Mato,1937,279,0.99007447
889,Mato,1937,280,0.958578656
890,Mato,1937,281,0.986823535
891,Mato,1937,282,0.948769809
892,Mato,1937,283,0.996532407
893,Mato,1937,284,0.999569751
894,Mato,1937,285,0.987160609
895,Mato,1937,286,0.989557229
896,Mato,1937,287,0.970451893
897,Mato,1937,288,0.956098283
898,Mato,1937,289,0.995060057
899,Mato,1937,290,0.998662922
900,Mato,1937,291,0.999848769
901,Mato,1937,292,0.820250992
902,Mato,1937,293,0.998140293
903,Mato,1937,294,0.998253505
904,Mato,1937,295,0.955650309
905,Mato,1937,296,0.996515319
906,Mato,1937,297,0.993810029
907,Mato,1937,298,0.996994195
908,Mato,1937,299,0.975377362
909,Mato,1937,300,0.821363176
910,Mato,1937,301,0.135987018
911,Mato,1937,302,0.998989955
912,Mato,1937,303,0.871813918
913,Mato,1937,304,0.998156936
914,Mato,1937,305,0.989828992
915,Mato,1937,306,0.296451159
916,Mato,1937,307,0.999470789
917,Mato,1937,308,0.999482757
918,Mato,1937,309,0.820232248
919,Mato,1937,310,0.99926687
920,Mato,1937,311,0.897383296
921,Mato,1937,312,0.875661205
922,Mato,1937,313,0.999526321
923,Mato,1937,314,0.998111667
924,Mato,1937,315,0.99945056
925,Mato,1937,316,0.995171246
926,Mato,1937,317,0.996048617
927,Mato,1937,318,0.992676156
928,Mato,1937,319,0.975016449
929,Yuki no yadori,1946,0,0.999678373
930,Yuki no yadori,1946,1,0.999803801
931,Yuki no yadori,1946,2,0.999046031
932,Yuki no yadori,1946,3,0.994023484
933,Yuki no yadori,1946,4,0.998528272
934,Yuki no yadori,1946,5,0.999691775
935,Yuki no yadori,1946,6,0.999641754
936,Yuki no yadori,1946,7,0.996304189
937,Yuki no yadori,1946,8,0.999957845
938,Yuki no yadori,1946,9,0.995437073
939,Yuki no yadori,1946,10,0.996497222
940,Yuki no yadori,1946,11,0.999845383
941,Yuki no yadori,1946,12,0.999700536
942,Yuki no yadori,1946,13,0.999995652
943,Yuki no yadori,1946,14,0.999971005
944,Yuki no yadori,1946,15,0.999976778
945,Yuki no yadori,1946,16,0.999186475
946,Yuki no yadori,1946,17,0.999379165
947,Yuki no yadori,1946,18,0.99974868
948,Yuki no yadori,1946,19,0.999773709
949,Yuki no yadori,1946,20,0.998669831
950,Yuki no yadori,1946,21,0.999857523
951,Yuki no yadori,1946,22,0.990334596
952,Yuki no yadori,1946,23,0.999820653
953,Yuki no yadori,1946,24,0.999896134
954,Yuki no yadori,1946,25,0.986775998
955,Yuki no yadori,1946,26,0.999938982
956,Yuki no yadori,1946,27,0.999891389
957,Tou seikatsusha,1932,0,0.96463092
958,Tou seikatsusha,1932,1,0.734588879
959,Tou seikatsusha,1932,2,0.871779766
960,Tou seikatsusha,1932,3,0.701226186
961,Tou seikatsusha,1932,4,0.93322552
962,Tou seikatsusha,1932,5,0.731316963
963,Tou seikatsusha,1932,6,0.650638825
964,Tou seikatsusha,1932,7,0.243641416
965,Tou seikatsusha,1932,8,0.828084076
966,Tou seikatsusha,1932,9,0.758661233
967,Tou seikatsusha,1932,10,0.292790817
968,Tou seikatsusha,1932,11,0.484585334
969,Tou seikatsusha,1932,12,0.176466279
970,Tou seikatsusha,1932,13,0.125928217
971,Tou seikatsusha,1932,14,0.619970807
972,Tou seikatsusha,1932,15,0.714256992
973,Tou seikatsusha,1932,16,0.689300657
974,Tou seikatsusha,1932,17,0.793846637
975,Tou seikatsusha,1932,18,0.915385211
976,Tou seikatsusha,1932,19,0.968855442
977,Tou seikatsusha,1932,20,0.919261397
978,Tou seikatsusha,1932,21,0.8072576
979,Tou seikatsusha,1932,22,0.771778477
980,Tou seikatsusha,1932,23,0.850494273
981,Tou seikatsusha,1932,24,0.169039851
982,Tou seikatsusha,1932,25,0.866254544
983,Tou seikatsusha,1932,26,0.107292447
984,Tou seikatsusha,1932,27,0.354094251
985,Tou seikatsusha,1932,28,0.350113744
986,Tou seikatsusha,1932,29,0.241687764
987,Tou seikatsusha,1932,30,0.012258132
988,Tou seikatsusha,1932,31,0.076949863
989,Tou seikatsusha,1932,32,0.208788734
990,Tou seikatsusha,1932,33,0.455054528
991,Tou seikatsusha,1932,34,0.975878431
992,Tou seikatsusha,1932,35,0.143247068
993,Tou seikatsusha,1932,36,0.411115865
994,Tou seikatsusha,1932,37,0.434940663
995,Tou seikatsusha,1932,38,0.713059116
996,Tou seikatsusha,1932,39,0.975582626
997,Tou seikatsusha,1932,40,0.927136831
998,Tou seikatsusha,1932,41,0.039951236
999,Tou seikatsusha,1932,42,0.715977167
1000,Tou seikatsusha,1932,43,0.445549251
1001,Tou seikatsusha,1932,44,0.675385215
1002,Tou seikatsusha,1932,45,0.971821433
1003,Tou seikatsusha,1932,46,0.533175317
1004,Tou seikatsusha,1932,47,0.609169687
1005,Tou seikatsusha,1932,48,0.02236963
1006,Tou seikatsusha,1932,49,0.643695412
1007,Tou seikatsusha,1932,50,0.800087107
1008,Tou seikatsusha,1932,51,0.029345155
1009,Tou seikatsusha,1932,52,0.711050303
1010,Tou seikatsusha,1932,53,0.804248194
1011,Tou seikatsusha,1932,54,0.387565026
1012,Tou seikatsusha,1932,55,0.773861683
1013,Tou seikatsusha,1932,56,0.527412157
1014,Tou seikatsusha,1932,57,0.712523564
1015,Tou seikatsusha,1932,58,0.56006247
1016,Tou seikatsusha,1932,59,0.684567764
1017,Tou seikatsusha,1932,60,0.739315938
1018,Tou seikatsusha,1932,61,0.45270234
1019,Tou seikatsusha,1932,62,0.572587808
1020,Tou seikatsusha,1932,63,0.747030541
1021,Tou seikatsusha,1932,64,0.028156331
1022,Tou seikatsusha,1932,65,0.844504509
1023,Tou seikatsusha,1932,66,0.103445221
1024,Tou seikatsusha,1932,67,0.026541505
1025,Tou seikatsusha,1932,68,0.9241605
1026,Tou seikatsusha,1932,69,0.847773327
1027,Tou seikatsusha,1932,70,0.984166486
1028,Tou seikatsusha,1932,71,0.827714244
1029,Kohaku no paipu,1924,0,0.986105298
1030,Kohaku no paipu,1924,1,0.996076562
1031,Kohaku no paipu,1924,2,0.969542176
1032,Kohaku no paipu,1924,3,0.579878774
1033,Kohaku no paipu,1924,4,0.652405012
1034,Kohaku no paipu,1924,5,0.491684392
1035,Kohaku no paipu,1924,6,0.260933549
1036,Kohaku no paipu,1924,7,0.90033918
1037,Kohaku no paipu,1924,8,0.788608747
1038,Kohaku no paipu,1924,9,0.972523504
1039,Kohaku no paipu,1924,10,0.49537849
1040,Kohaku no paipu,1924,11,0.986378865
1041,Kohaku no paipu,1924,12,0.989622118
1042,Kohaku no paipu,1924,13,0.991116008
1043,Kohaku no paipu,1924,14,0.99026804
1044,Kohaku no paipu,1924,15,0.91193139
1045,Kohaku no paipu,1924,16,0.999741579
1046,Kohaku no paipu,1924,17,0.978255344
1047,Kohaku no paipu,1924,18,0.826783493
1048,Kohaku no paipu,1924,19,0.848798712
1049,Ai no tame ni,1926,0,0.996494833
1050,Ai no tame ni,1926,1,0.599301992
1051,Ai no tame ni,1926,2,0.886103975
1052,Ai no tame ni,1926,3,0.726836771
1053,Ai no tame ni,1926,4,0.970785904
1054,Ai no tame ni,1926,5,0.73308423
1055,Ai no tame ni,1926,6,0.731727275
1056,Ai no tame ni,1926,7,0.946229907
1057,Ai no tame ni,1926,8,0.747653012
1058,Ai no tame ni,1926,9,0.813937251
1059,Ai no tame ni,1926,10,0.995464959
1060,Ai no tame ni,1926,11,0.851249078
1061,Ai no tame ni,1926,12,0.477866974
1062,Renai kyokusen,1926,0,0.856041089
1063,Renai kyokusen,1926,1,0.958850843
1064,Renai kyokusen,1926,2,0.965397416
1065,Renai kyokusen,1926,3,0.619535075
1066,Renai kyokusen,1926,4,0.988050797
1067,Renai kyokusen,1926,5,0.942622398
1068,Renai kyokusen,1926,6,0.748568209
1069,Renai kyokusen,1926,7,0.385389614
1070,Renai kyokusen,1926,8,0.771436797
1071,Renai kyokusen,1926,9,0.691299403
1072,Renai kyokusen,1926,10,0.853635848
1073,Renai kyokusen,1926,11,0.262019197
1074,Renai kyokusen,1926,12,0.606253876
1075,Renai kyokusen,1926,13,0.851846457
1076,Shinpi konchukan,1927,0,0.807454348
1077,Shinpi konchukan,1927,1,0.994971604
1078,Shinpi konchukan,1927,2,0.997048087
1079,Shinpi konchukan,1927,3,0.997993834
1080,Shinpi konchukan,1927,4,0.999105438
1081,Shinpi konchukan,1927,5,0.996781804
1082,Shinpi konchukan,1927,6,0.962347955
1083,Shinpi konchukan,1927,7,0.857580382
1084,Shinpi konchukan,1927,8,0.909260094
1085,Shinpi konchukan,1927,9,0.95451013
1086,Shinpi konchukan,1927,10,0.733056116
1087,Shinpi konchukan,1927,11,0.998156054
1088,Shinpi konchukan,1927,12,0.79040483
1089,Shinpi konchukan,1927,13,0.996516049
1090,Shinpi konchukan,1927,14,0.948367691
1091,Shinpi konchukan,1927,15,0.998245017
1092,Shinpi konchukan,1927,16,0.994761577
1093,Shinpi konchukan,1927,17,0.998599035
1094,Shinpi konchukan,1927,18,0.961895449
1095,Shinpi konchukan,1927,19,0.998769376
1096,Shinpi konchukan,1927,20,0.999249457
1097,Shinpi konchukan,1927,21,0.965986052
1098,Shinpi konchukan,1927,22,0.876607293
1099,Shinpi konchukan,1927,23,0.880387102
1100,Shinpi konchukan,1927,24,0.660919696
1101,Shinpi konchukan,1927,25,0.964043314
1102,Shinpi konchukan,1927,26,0.81783454
1103,Shinpi konchukan,1927,27,0.633388453
1104,Shinpi konchukan,1927,28,0.992904259
1105,Shinpi konchukan,1927,29,0.995907954
1106,Shinpi konchukan,1927,30,0.992009345
1107,Shinpi konchukan,1927,31,0.993156927
1108,Shinpi konchukan,1927,32,0.984114353
1109,Shinpi konchukan,1927,33,0.973664916
1110,Shinpi konchukan,1927,34,0.990314691
1111,Shinpi konchukan,1927,35,0.997396393
1112,Shinpi konchukan,1927,36,0.990717493
1113,Shinpi konchukan,1927,37,0.970662735
1114,Shinpi konchukan,1927,38,0.996618889
1115,Shinpi konchukan,1927,39,0.9571254
1116,Shinpi konchukan,1927,40,0.941750859
1117,Shinpi konchukan,1927,41,0.869862682
1118,Shinpi konchukan,1927,42,0.916098377
1119,Shinpi konchukan,1927,43,0.985895109
1120,Shinpi konchukan,1927,44,0.881135885
1121,Shinpi konchukan,1927,45,0.999505682
1122,Shinpi konchukan,1927,46,0.966541741
1123,Shinpi konchukan,1927,47,0.830396006
1124,Shinpi konchukan,1927,48,0.60767077
1125,Shinpi konchukan,1927,49,0.939488192
1126,Shinpi konchukan,1927,50,0.998236142
1127,Shinpi konchukan,1927,51,0.898864892
1128,Shinpi konchukan,1927,52,0.48195002
1129,Shinpi konchukan,1927,53,0.860189817
1130,Shinpi konchukan,1927,54,0.98054957
1131,Shinpi konchukan,1927,55,0.925754554
1132,Shinpi konchukan,1927,56,0.850570376
1133,Shinpi konchukan,1927,57,0.843134018
1134,Shinpi konchukan,1927,58,0.999835385
1135,Shinpi konchukan,1927,59,0.958171632
1136,Shinpi konchukan,1927,60,0.986566978
1137,Shinpi konchukan,1927,61,0.34970523
1138,Shinpi konchukan,1927,62,0.990158846
1139,Shinpi konchukan,1927,63,0.524994468
1140,Shinpi konchukan,1927,64,0.439370827
1141,Shinpi konchukan,1927,65,0.765420328
1142,Shinpi konchukan,1927,66,0.9446039
1143,Shinpi konchukan,1927,67,0.875409064
1144,Shinpi konchukan,1927,68,0.742376367
1145,Shinpi konchukan,1927,69,0.995292766
1146,Shinpi konchukan,1927,70,0.371560085
1147,Shinpi konchukan,1927,71,0.925259778
1148,Shinpi konchukan,1927,72,0.57826986
1149,Shinpi konchukan,1927,73,0.312761067
1150,Shinpi konchukan,1927,74,0.823723086
1151,Shinpi konchukan,1927,75,0.645432404
1152,Shinpi konchukan,1927,76,0.999374827
1153,Shinpi konchukan,1927,77,0.959691631
1154,Shinpi konchukan,1927,78,0.758114505
1155,Shinpi konchukan,1927,79,0.005203294
1156,Shinpi konchukan,1927,80,0.884140458
1157,Shinpi konchukan,1927,81,0.95802012
1158,Shinpi konchukan,1927,82,0.75737738
1159,Shinpi konchukan,1927,83,0.994840282
1160,Shinpi konchukan,1927,84,0.530261597
1161,Shinpi konchukan,1927,85,0.855475093
1162,Shinpi konchukan,1927,86,0.43435668
1163,Shinpi konchukan,1927,87,0.990921029
1164,Shinpi konchukan,1927,88,0.221709723
1165,Shinpi konchukan,1927,89,0.798522349
1166,Shinpi konchukan,1927,90,0.725956299
1167,Shinpi konchukan,1927,91,0.995697295
1168,Shinpi konchukan,1927,92,0.926821348
1169,Shinpi konchukan,1927,93,0.250440234
1170,Shinpi konchukan,1927,94,0.992514158
1171,Shinpi konchukan,1927,95,0.969608707
1172,Shinpi konchukan,1927,96,0.308082543
1173,Shinpi konchukan,1927,97,0.99246363
1174,Shinpi konchukan,1927,98,0.830912727
1175,Shinpi konchukan,1927,99,0.92598753
1176,Shinpi konchukan,1927,100,0.900958255
1177,Shinpi konchukan,1927,101,0.419257778
1178,Shinpi konchukan,1927,102,0.994135394
1179,Shinpi konchukan,1927,103,0.992035096
1180,Shinpi konchukan,1927,104,0.926978003
1181,Shinpi konchukan,1927,105,0.998186916
1182,Shinpi konchukan,1927,106,0.078355402
1183,Shinpi konchukan,1927,107,0.960141678
1184,Shinpi konchukan,1927,108,0.830392266
1185,Shinpi konchukan,1927,109,0.47793446
1186,Shinpi konchukan,1927,110,0.70495021
1187,Shinpi konchukan,1927,111,0.98313145
1188,Shinpi konchukan,1927,112,0.973555713
1189,Shinpi konchukan,1927,113,0.086549728
1190,Shinpi konchukan,1927,114,0.822246993
1191,Shokko to bisho,1928,0,0.664712761
1192,Shokko to bisho,1928,1,0.992965876
1193,Shokko to bisho,1928,2,0.998875385
1194,Shokko to bisho,1928,3,0.957038701
1195,Shokko to bisho,1928,4,0.91849818
1196,Shokko to bisho,1928,5,0.970925204
1197,Shokko to bisho,1928,6,0.312693214
1198,Shokko to bisho,1928,7,0.990504598
1199,Shokko to bisho,1928,8,0.949837715
1200,Shokko to bisho,1928,9,0.797767369
1201,Shokko to bisho,1928,10,0.934308133
1202,Shokko to bisho,1928,11,0.928653513
1203,Shokko to bisho,1928,12,0.778815476
1204,Shokko to bisho,1928,13,0.910562127
1205,Shokko to bisho,1928,14,0.04274809
1206,Shokko to bisho,1928,15,0.735957521
1207,Shokko to bisho,1928,16,0.969287003
1208,Shokko to bisho,1928,17,0.996627899
1209,Shokko to bisho,1928,18,0.948753545
1210,Shokko to bisho,1928,19,0.874370071
1211,Shokko to bisho,1928,20,0.667794358
1212,Shokko to bisho,1928,21,0.106453119
1213,Shokko to bisho,1928,22,0.541900482
1214,Shokko to bisho,1928,23,0.942485424
1215,Shokko to bisho,1928,24,0.956391845
1216,Shokko to bisho,1928,25,0.968135412
1217,Shokko to bisho,1928,26,0.973791295
1218,Shokko to bisho,1928,27,0.863569297
1219,Shokko to bisho,1928,28,0.653350428
1220,Shokko to bisho,1928,29,0.941663373
1221,Shokko to bisho,1928,30,0.874967893
1222,Shokko to bisho,1928,31,0.639984074
1223,Shokko to bisho,1928,32,0.649306108
1224,Shokko to bisho,1928,33,0.80746307
1225,Shokko to bisho,1928,34,0.03175164
1226,Shokko to bisho,1928,35,0.195516336
1227,Shokko to bisho,1928,36,0.304195529
1228,Shokko to bisho,1928,37,0.918416121
1229,Shokko to bisho,1928,38,0.100702901
1230,Shokko to bisho,1928,39,0.200474493
1231,Shokko to bisho,1928,40,0.849096503
1232,Shokko to bisho,1928,41,0.461996413
1233,Shokko to bisho,1928,42,0.021974448
1234,Shokko to bisho,1928,43,0.965090537
1235,Shokko to bisho,1928,44,0.876300132
1236,Shokko to bisho,1928,45,0.731646156
1237,Shokko to bisho,1928,46,0.776257608
1238,Shokko to bisho,1928,47,0.685196901
1239,Shokko to bisho,1928,48,0.474927394
1240,Shokko to bisho,1928,49,0.822926833
1241,Shokko to bisho,1928,50,0.792111348
1242,Shokko to bisho,1928,51,0.813489611
1243,Shokko to bisho,1928,52,0.941688368
1244,Shokko to bisho,1928,53,0.894589226
1245,Shokko to bisho,1928,54,0.993132209
1246,Shokko to bisho,1928,55,0.998954655
1247,Shokko to bisho,1928,56,0.91785865
1248,Shokko to bisho,1928,57,0.979091819
1249,Shokko to bisho,1928,58,0.645188462
1250,Shokko to bisho,1928,59,0.831479267
1251,Shokko to bisho,1928,60,0.975169974
1252,Shokko to bisho,1928,61,0.549098571
1253,Shokko to bisho,1928,62,0.713295921
1254,Shokko to bisho,1928,63,0.973243461
1255,Shokko to bisho,1928,64,0.925557035
1256,Shokko to bisho,1928,65,0.950063703
1257,Shokko to bisho,1928,66,0.951595195
1258,Shokko to bisho,1928,67,0.166052555
1259,Shokko to bisho,1928,68,0.235065615
1260,Shokko to bisho,1928,69,0.974328777
1261,Shokko to bisho,1928,70,0.711459175
1262,Shokko to bisho,1928,71,0.903347172
1263,Shokko to bisho,1928,72,0.046886042
1264,Shokko to bisho,1928,73,0.52570374
1265,Shokko to bisho,1928,74,0.066733217
1266,Shokko to bisho,1928,75,0.985051762
1267,Shokko to bisho,1928,76,0.026155699
1268,Shokko to bisho,1928,77,0.161942083
1269,Shokko to bisho,1928,78,0.978156258
1270,Gusuko budori no denki,1932,0,0.869960459
1271,Gusuko budori no denki,1932,1,0.913260904
1272,Gusuko budori no denki,1932,2,0.86714427
1273,Gusuko budori no denki,1932,3,0.557161343
1274,Gusuko budori no denki,1932,4,0.851818818
1275,Gusuko budori no denki,1932,5,0.975169096
1276,Gusuko budori no denki,1932,6,0.968809665
1277,Gusuko budori no denki,1932,7,0.993866087
1278,Gusuko budori no denki,1932,8,0.391894351
1279,Gusuko budori no denki,1932,9,0.951739157
1280,Gusuko budori no denki,1932,10,0.368883635
1281,Gusuko budori no denki,1932,11,0.990809331
1282,Gusuko budori no denki,1932,12,0.986473286
1283,Gusuko budori no denki,1932,13,0.917320457
1284,Gusuko budori no denki,1932,14,0.991228141
1285,Gusuko budori no denki,1932,15,0.931539311
1286,Gusuko budori no denki,1932,16,0.482371593
1287,Gusuko budori no denki,1932,17,0.860585097
1288,Gusuko budori no denki,1932,18,0.838620317
1289,Gusuko budori no denki,1932,19,0.993770708
1290,Gusuko budori no denki,1932,20,0.859552594
1291,Gusuko budori no denki,1932,21,0.990682485
1292,Gusuko budori no denki,1932,22,0.994172302
1293,Gusuko budori no denki,1932,23,0.842203174
1294,Gusuko budori no denki,1932,24,0.344190099
1295,Gusuko budori no denki,1932,25,0.961639274
1296,Gusuko budori no denki,1932,26,0.98207283
1297,Akuma no kao,1930,0,0.998963315
1298,Akuma no kao,1930,1,0.999961132
1299,Akuma no kao,1930,2,0.996133315
1300,Akuma no kao,1930,3,0.998098154
1301,Akuma no kao,1930,4,0.999655771
1302,Akuma no kao,1930,5,0.99996552
1303,Akuma no kao,1930,6,0.9886811
1304,Akuma no kao,1930,7,0.998917096
1305,Akuma no kao,1930,8,0.999666
1306,Akuma no kao,1930,9,0.965414351
1307,Akuma no kao,1930,10,0.999616348
1308,Akuma no kao,1930,11,0.991527651
1309,Akuma no kao,1930,12,0.641037612
1310,Akuma no kao,1930,13,0.998179174
1311,Akuma no kao,1930,14,0.999881258
1312,Akuma no kao,1930,15,0.989065567
1313,Kokushikan satsujin jiken,1934,0,0.980874749
1314,Kokushikan satsujin jiken,1934,1,0.994803903
1315,Kokushikan satsujin jiken,1934,2,0.968808127
1316,Kokushikan satsujin jiken,1934,3,0.999929652
1317,Kokushikan satsujin jiken,1934,4,0.999874472
1318,Kokushikan satsujin jiken,1934,5,0.999292291
1319,Kokushikan satsujin jiken,1934,6,0.999900552
1320,Kokushikan satsujin jiken,1934,7,0.999721249
1321,Kokushikan satsujin jiken,1934,8,0.960989407
1322,Kokushikan satsujin jiken,1934,9,0.980656347
1323,Kokushikan satsujin jiken,1934,10,0.895496815
1324,Kokushikan satsujin jiken,1934,11,0.999814722
1325,Kokushikan satsujin jiken,1934,12,0.991136727
1326,Kokushikan satsujin jiken,1934,13,0.970303192
1327,Kokushikan satsujin jiken,1934,14,0.992369904
1328,Kokushikan satsujin jiken,1934,15,0.990328155
1329,Kokushikan satsujin jiken,1934,16,0.997416611
1330,Kokushikan satsujin jiken,1934,17,0.988140954
1331,Kokushikan satsujin jiken,1934,18,0.944674804
1332,Kokushikan satsujin jiken,1934,19,0.999671701
1333,Kokushikan satsujin jiken,1934,20,0.928016675
1334,Kokushikan satsujin jiken,1934,21,0.967082356
1335,Kokushikan satsujin jiken,1934,22,0.995873484
1336,Kokushikan satsujin jiken,1934,23,0.998191316
1337,Kokushikan satsujin jiken,1934,24,0.998731177
1338,Kokushikan satsujin jiken,1934,25,0.921504323
1339,Kokushikan satsujin jiken,1934,26,0.945518815
1340,Kokushikan satsujin jiken,1934,27,0.998947305
1341,Kokushikan satsujin jiken,1934,28,0.977178421
1342,Kokushikan satsujin jiken,1934,29,0.978211486
1343,Kokushikan satsujin jiken,1934,30,0.99474998
1344,Kokushikan satsujin jiken,1934,31,0.994213257
1345,Kokushikan satsujin jiken,1934,32,0.971730277
1346,Kokushikan satsujin jiken,1934,33,0.986673281
1347,Kokushikan satsujin jiken,1934,34,0.641200269
1348,Kokushikan satsujin jiken,1934,35,0.986212463
1349,Kokushikan satsujin jiken,1934,36,0.455705226
1350,Kokushikan satsujin jiken,1934,37,0.842355733
1351,Kokushikan satsujin jiken,1934,38,0.978635702
1352,Kokushikan satsujin jiken,1934,39,0.962781627
1353,Kokushikan satsujin jiken,1934,40,0.998903082
1354,Kokushikan satsujin jiken,1934,41,0.994307232
1355,Kokushikan satsujin jiken,1934,42,0.941619135
1356,Kokushikan satsujin jiken,1934,43,0.978872998
1357,Kokushikan satsujin jiken,1934,44,0.98474535
1358,Kokushikan satsujin jiken,1934,45,0.997597697
1359,Kokushikan satsujin jiken,1934,46,0.999446825
1360,Kokushikan satsujin jiken,1934,47,0.999764171
1361,Kokushikan satsujin jiken,1934,48,0.972840107
1362,Kokushikan satsujin jiken,1934,49,0.991292039
1363,Kokushikan satsujin jiken,1934,50,0.999848149
1364,Kokushikan satsujin jiken,1934,51,0.993577531
1365,Kokushikan satsujin jiken,1934,52,0.848751959
1366,Kokushikan satsujin jiken,1934,53,0.931802238
1367,Kokushikan satsujin jiken,1934,54,0.996744164
1368,Kokushikan satsujin jiken,1934,55,0.306403501
1369,Kokushikan satsujin jiken,1934,56,0.999974835
1370,Kokushikan satsujin jiken,1934,57,0.99523993
1371,Kokushikan satsujin jiken,1934,58,0.998534547
1372,Kokushikan satsujin jiken,1934,59,0.99945136
1373,Kokushikan satsujin jiken,1934,60,0.991782715
1374,Kokushikan satsujin jiken,1934,61,0.998406848
1375,Kokushikan satsujin jiken,1934,62,0.981516812
1376,Kokushikan satsujin jiken,1934,63,0.97252253
1377,Kokushikan satsujin jiken,1934,64,0.900956297
1378,Kokushikan satsujin jiken,1934,65,0.982949579
1379,Kokushikan satsujin jiken,1934,66,0.947714716
1380,Kokushikan satsujin jiken,1934,67,0.996863524
1381,Kokushikan satsujin jiken,1934,68,0.997663604
1382,Kokushikan satsujin jiken,1934,69,0.912980887
1383,Kokushikan satsujin jiken,1934,70,0.996165847
1384,Kokushikan satsujin jiken,1934,71,0.976514506
1385,Kokushikan satsujin jiken,1934,72,0.987830534
1386,Kokushikan satsujin jiken,1934,73,0.853799978
1387,Kokushikan satsujin jiken,1934,74,0.93205704
1388,Kokushikan satsujin jiken,1934,75,0.88536232
1389,Kokushikan satsujin jiken,1934,76,0.992618917
1390,Kokushikan satsujin jiken,1934,77,0.953325973
1391,Kokushikan satsujin jiken,1934,78,0.999066255
1392,Kokushikan satsujin jiken,1934,79,0.908152168
1393,Kokushikan satsujin jiken,1934,80,0.998661067
1394,Kokushikan satsujin jiken,1934,81,0.985943223
1395,Kokushikan satsujin jiken,1934,82,0.986992984
1396,Kokushikan satsujin jiken,1934,83,0.996179311
1397,Kokushikan satsujin jiken,1934,84,0.972262276
1398,Kokushikan satsujin jiken,1934,85,0.998024141
1399,Kokushikan satsujin jiken,1934,86,0.998905758
1400,Kokushikan satsujin jiken,1934,87,0.978717125
1401,Kokushikan satsujin jiken,1934,88,0.999476315
1402,Kokushikan satsujin jiken,1934,89,0.997777039
1403,Kokushikan satsujin jiken,1934,90,0.997765673
1404,Kokushikan satsujin jiken,1934,91,0.833051884
1405,Kokushikan satsujin jiken,1934,92,0.983732335
1406,Kokushikan satsujin jiken,1934,93,0.635631828
1407,Kokushikan satsujin jiken,1934,94,0.99903797
1408,Kokushikan satsujin jiken,1934,95,0.998359379
1409,Kokushikan satsujin jiken,1934,96,0.996557633
1410,Kokushikan satsujin jiken,1934,97,0.596013304
1411,Kokushikan satsujin jiken,1934,98,0.999920871
1412,Kokushikan satsujin jiken,1934,99,0.592863885
1413,Kokushikan satsujin jiken,1934,100,0.974745247
1414,Kokushikan satsujin jiken,1934,101,0.998408915
1415,Kokushikan satsujin jiken,1934,102,0.992589038
1416,Kokushikan satsujin jiken,1934,103,0.998885008
1417,Kokushikan satsujin jiken,1934,104,0.47781739
1418,Kokushikan satsujin jiken,1934,105,0.998311028
1419,Kokushikan satsujin jiken,1934,106,0.997839179
1420,Kokushikan satsujin jiken,1934,107,0.983671185
1421,Kokushikan satsujin jiken,1934,108,0.998142495
1422,Kokushikan satsujin jiken,1934,109,0.983268656
1423,Kokushikan satsujin jiken,1934,110,0.997291528
1424,Kokushikan satsujin jiken,1934,111,0.999362033
1425,Kokushikan satsujin jiken,1934,112,0.938304091
1426,Kokushikan satsujin jiken,1934,113,0.990497193
1427,Kokushikan satsujin jiken,1934,114,0.981748006
1428,Kokushikan satsujin jiken,1934,115,0.992774174
1429,Kokushikan satsujin jiken,1934,116,0.959559987
1430,Kokushikan satsujin jiken,1934,117,0.995914032
1431,Kokushikan satsujin jiken,1934,118,0.927541818
1432,Kokushikan satsujin jiken,1934,119,0.993747079
1433,Kokushikan satsujin jiken,1934,120,0.960626093
1434,Kokushikan satsujin jiken,1934,121,0.998645241
1435,Kokushikan satsujin jiken,1934,122,0.996898907
1436,Kokushikan satsujin jiken,1934,123,0.886247232
1437,Kokushikan satsujin jiken,1934,124,0.982819025
1438,Kokushikan satsujin jiken,1934,125,0.996940836
1439,Kokushikan satsujin jiken,1934,126,0.999965594
1440,Kokushikan satsujin jiken,1934,127,0.99901923
1441,Kokushikan satsujin jiken,1934,128,0.981977101
1442,Kokushikan satsujin jiken,1934,129,0.997584165
1443,Kokushikan satsujin jiken,1934,130,0.980749337
1444,Kokushikan satsujin jiken,1934,131,0.944332847
1445,Kokushikan satsujin jiken,1934,132,0.87357143
1446,Kokushikan satsujin jiken,1934,133,0.999537154
1447,Kokushikan satsujin jiken,1934,134,0.999130578
1448,Kokushikan satsujin jiken,1934,135,0.994442591
1449,Kokushikan satsujin jiken,1934,136,0.98854154
1450,Kokushikan satsujin jiken,1934,137,0.991760157
1451,Kokushikan satsujin jiken,1934,138,0.719182182
1452,Kokushikan satsujin jiken,1934,139,0.754614572
1453,Kokushikan satsujin jiken,1934,140,0.895813565
1454,Kokushikan satsujin jiken,1934,141,0.998211741
1455,Kokushikan satsujin jiken,1934,142,0.999836163
1456,Kokushikan satsujin jiken,1934,143,0.999092643
1457,Kokushikan satsujin jiken,1934,144,0.997497352
1458,Kokushikan satsujin jiken,1934,145,0.991436572
1459,Kokushikan satsujin jiken,1934,146,0.998715765
1460,Kokushikan satsujin jiken,1934,147,0.948650378
1461,Kokushikan satsujin jiken,1934,148,0.999596599
1462,Kokushikan satsujin jiken,1934,149,0.985167375
1463,Kokushikan satsujin jiken,1934,150,0.996955116
1464,Kokushikan satsujin jiken,1934,151,0.940524125
1465,Kokushikan satsujin jiken,1934,152,0.999906174
1466,Kokushikan satsujin jiken,1934,153,0.999516382
1467,Kokushikan satsujin jiken,1934,154,0.992144661
1468,Kokushikan satsujin jiken,1934,155,0.993475577
1469,Kokushikan satsujin jiken,1934,156,0.987357655
1470,Kokushikan satsujin jiken,1934,157,0.92244007
1471,Kokushikan satsujin jiken,1934,158,0.962898998
1472,Kokushikan satsujin jiken,1934,159,0.970061341
1473,Kokushikan satsujin jiken,1934,160,0.999143004
1474,Kokushikan satsujin jiken,1934,161,0.896537721
1475,Kokushikan satsujin jiken,1934,162,0.993210687
1476,Kokushikan satsujin jiken,1934,163,0.875783373
1477,Kokushikan satsujin jiken,1934,164,0.995314579
1478,Kokushikan satsujin jiken,1934,165,0.791033628
1479,Kokushikan satsujin jiken,1934,166,0.997046329
1480,Kokushikan satsujin jiken,1934,167,0.996675561
1481,Kokushikan satsujin jiken,1934,168,0.99260756
1482,Kokushikan satsujin jiken,1934,169,0.825327694
1483,Kokushikan satsujin jiken,1934,170,0.999807501
1484,Kokushikan satsujin jiken,1934,171,0.995662133
1485,Kokushikan satsujin jiken,1934,172,0.999243472
1486,Kokushikan satsujin jiken,1934,173,0.974811324
1487,Kokushikan satsujin jiken,1934,174,0.994962234
1488,Kokushikan satsujin jiken,1934,175,0.999733087
1489,Kokushikan satsujin jiken,1934,176,0.989694697
1490,Kokushikan satsujin jiken,1934,177,0.991108508
1491,Kokushikan satsujin jiken,1934,178,0.990598005
1492,Kokushikan satsujin jiken,1934,179,0.609758061
1493,Kokushikan satsujin jiken,1934,180,0.992860017
1494,Kokushikan satsujin jiken,1934,181,0.948899067
1495,Kokushikan satsujin jiken,1934,182,0.936600213
1496,Kokushikan satsujin jiken,1934,183,0.000350444
1497,Kokushikan satsujin jiken,1934,184,0.960046489
1498,Kokushikan satsujin jiken,1934,185,0.981837902
1499,Kokushikan satsujin jiken,1934,186,0.923918651
1500,Kokushikan satsujin jiken,1934,187,0.982806423
1501,Kokushikan satsujin jiken,1934,188,0.998876581
1502,Kokushikan satsujin jiken,1934,189,0.989943346
1503,Kokushikan satsujin jiken,1934,190,0.996957814
1504,Kokushikan satsujin jiken,1934,191,0.997828076
1505,Kokushikan satsujin jiken,1934,192,0.939902285
1506,Kokushikan satsujin jiken,1934,193,0.996830814
1507,Kokushikan satsujin jiken,1934,194,0.861771399
1508,Kokushikan satsujin jiken,1934,195,0.997342926
1509,Kokushikan satsujin jiken,1934,196,0.99188388
1510,Kokushikan satsujin jiken,1934,197,0.999443599
1511,Kokushikan satsujin jiken,1934,198,0.967725086
1512,Kokushikan satsujin jiken,1934,199,0.947599758
1513,Kokushikan satsujin jiken,1934,200,0.992987494
1514,Kokushikan satsujin jiken,1934,201,0.992672302
1515,Kokushikan satsujin jiken,1934,202,0.824695264
1516,Kokushikan satsujin jiken,1934,203,0.820095028
1517,Kokushikan satsujin jiken,1934,204,0.99847161
1518,Kokushikan satsujin jiken,1934,205,0.948486606
1519,Kokushikan satsujin jiken,1934,206,0.994141856
1520,Kokushikan satsujin jiken,1934,207,0.963599119
1521,Kokushikan satsujin jiken,1934,208,0.993608255
1522,Kokushikan satsujin jiken,1934,209,0.996947668
1523,Kokushikan satsujin jiken,1934,210,0.970344119
1524,Kokushikan satsujin jiken,1934,211,0.933406581
1525,Kokushikan satsujin jiken,1934,212,0.997432592
1526,Kokushikan satsujin jiken,1934,213,0.994717928
1527,Kokushikan satsujin jiken,1934,214,0.870074866
1528,Kokushikan satsujin jiken,1934,215,0.994232854
1529,Kokushikan satsujin jiken,1934,216,0.991667204
1530,Kokushikan satsujin jiken,1934,217,0.309336404
1531,Kokushikan satsujin jiken,1934,218,0.721346042
1532,Kokushikan satsujin jiken,1934,219,0.964549698
1533,Kokushikan satsujin jiken,1934,220,0.976088687
1534,Kokushikan satsujin jiken,1934,221,0.996168269
1535,Kokushikan satsujin jiken,1934,222,0.998569978
1536,Kokushikan satsujin jiken,1934,223,0.99899702
1537,Kokushikan satsujin jiken,1934,224,0.993883004
1538,Kokushikan satsujin jiken,1934,225,0.999090767
1539,Kokushikan satsujin jiken,1934,226,0.981348801
1540,Kokushikan satsujin jiken,1934,227,0.714814021
1541,Kokushikan satsujin jiken,1934,228,0.902019096
1542,Kokushikan satsujin jiken,1934,229,0.94863245
1543,Kokushikan satsujin jiken,1934,230,0.973870088
1544,Kokushikan satsujin jiken,1934,231,0.972016374
1545,Kokushikan satsujin jiken,1934,232,0.969684633
1546,Kokushikan satsujin jiken,1934,233,0.946102814
1547,Kokushikan satsujin jiken,1934,234,0.961890585
1548,Kokushikan satsujin jiken,1934,235,0.418957799
1549,Kokushikan satsujin jiken,1934,236,0.998096383
1550,Kokushikan satsujin jiken,1934,237,0.833654186
1551,Kokushikan satsujin jiken,1934,238,0.047691725
1552,Kokushikan satsujin jiken,1934,239,0.975144971
1553,Kokushikan satsujin jiken,1934,240,0.964320959
1554,Kokushikan satsujin jiken,1934,241,0.988799618
1555,Kokushikan satsujin jiken,1934,242,0.978035166
1556,Kokushikan satsujin jiken,1934,243,0.99213668
1557,Kokushikan satsujin jiken,1934,244,0.987832148
1558,Kokushikan satsujin jiken,1934,245,0.537295549
1559,Kokushikan satsujin jiken,1934,246,0.21446192
1560,Kokushikan satsujin jiken,1934,247,0.98660084
1561,Kokushikan satsujin jiken,1934,248,0.950323225
1562,Kokushikan satsujin jiken,1934,249,0.997706812
1563,Kokushikan satsujin jiken,1934,250,0.996335255
1564,Kokushikan satsujin jiken,1934,251,0.990203561
1565,Kokushikan satsujin jiken,1934,252,0.97304658
1566,Kokushikan satsujin jiken,1934,253,0.914308002
1567,Kokushikan satsujin jiken,1934,254,0.999120527
1568,Kokushikan satsujin jiken,1934,255,0.99981435
1569,Kokushikan satsujin jiken,1934,256,0.962100837
1570,Kokushikan satsujin jiken,1934,257,0.936876577
1571,Kokushikan satsujin jiken,1934,258,0.986252399
1572,Kokushikan satsujin jiken,1934,259,0.975919516
1573,Kokushikan satsujin jiken,1934,260,0.109333176
1574,Kokushikan satsujin jiken,1934,261,0.989512145
1575,Kokushikan satsujin jiken,1934,262,0.695343723
1576,Kokushikan satsujin jiken,1934,263,0.824025953
1577,Kokushikan satsujin jiken,1934,264,0.97978566
1578,Kokushikan satsujin jiken,1934,265,0.680557445
1579,Kokushikan satsujin jiken,1934,266,0.074601572
1580,Kokushikan satsujin jiken,1934,267,0.989204044
1581,Kokushikan satsujin jiken,1934,268,0.960451601
1582,Kokushikan satsujin jiken,1934,269,0.970286621
1583,Kokushikan satsujin jiken,1934,270,0.969193017
1584,Kokushikan satsujin jiken,1934,271,0.996341437
1585,Kokushikan satsujin jiken,1934,272,0.99582032
1586,Kokushikan satsujin jiken,1934,273,0.995367708
1587,Kokushikan satsujin jiken,1934,274,0.624065364
1588,Kokushikan satsujin jiken,1934,275,0.951025757
1589,Kokushikan satsujin jiken,1934,276,0.999359806
1590,Kokushikan satsujin jiken,1934,277,0.091022841
1591,Kokushikan satsujin jiken,1934,278,0.950673211
1592,Kokushikan satsujin jiken,1934,279,0.897082303
1593,Kokushikan satsujin jiken,1934,280,0.993429725
1594,Kokushikan satsujin jiken,1934,281,0.937011816
1595,Kokushikan satsujin jiken,1934,282,0.952918083
1596,Kokushikan satsujin jiken,1934,283,0.975182754
1597,Kokushikan satsujin jiken,1934,284,0.441598872
1598,Kokushikan satsujin jiken,1934,285,0.908675748
1599,Kokushikan satsujin jiken,1934,286,0.985212359
1600,Kokushikan satsujin jiken,1934,287,0.998642441
1601,Kokushikan satsujin jiken,1934,288,0.982789368
1602,Kokushikan satsujin jiken,1934,289,0.941881085
1603,Kokushikan satsujin jiken,1934,290,0.986763308
1604,Kokushikan satsujin jiken,1934,291,0.999787164
1605,Kokushikan satsujin jiken,1934,292,0.966324834
1606,Kokushikan satsujin jiken,1934,293,0.997565854
1607,Kokushikan satsujin jiken,1934,294,0.993071998
1608,Kokushikan satsujin jiken,1934,295,0.656576701
1609,Kokushikan satsujin jiken,1934,296,0.968040051
1610,Kokushikan satsujin jiken,1934,297,0.895281689
1611,Kokushikan satsujin jiken,1934,298,0.495166114
1612,Kokushikan satsujin jiken,1934,299,0.948267117
1613,Kokushikan satsujin jiken,1934,300,0.088634564
1614,Kokushikan satsujin jiken,1934,301,0.897802696
1615,Kokushikan satsujin jiken,1934,302,0.997561912
1616,Kokushikan satsujin jiken,1934,303,0.975025937
1617,Kokushikan satsujin jiken,1934,304,0.984522506
1618,Kokushikan satsujin jiken,1934,305,0.924852433
1619,Kokushikan satsujin jiken,1934,306,0.995755897
1620,Kokushikan satsujin jiken,1934,307,0.890729162
1621,Kokushikan satsujin jiken,1934,308,0.630627817
1622,Kokushikan satsujin jiken,1934,309,0.999822232
1623,Kokushikan satsujin jiken,1934,310,0.983803649
1624,Kokushikan satsujin jiken,1934,311,0.85479259
1625,Kokushikan satsujin jiken,1934,312,0.931732562
1626,Kokushikan satsujin jiken,1934,313,0.882455523
1627,Kokushikan satsujin jiken,1934,314,0.999378334
1628,Kokushikan satsujin jiken,1934,315,0.179735979
1629,Kokushikan satsujin jiken,1934,316,0.998470048
1630,Kokushikan satsujin jiken,1934,317,0.987416276
1631,Kokushikan satsujin jiken,1934,318,0.904087811
1632,Kokushikan satsujin jiken,1934,319,0.997988198
1633,Kokushikan satsujin jiken,1934,320,0.998207109
1634,Kokushikan satsujin jiken,1934,321,0.995274103
1635,Kokushikan satsujin jiken,1934,322,0.306191493
1636,Kokushikan satsujin jiken,1934,323,0.128643018
1637,Kokushikan satsujin jiken,1934,324,0.959252676
1638,Fukami fujin no shi,1930,0,0.9667611
1639,Fukami fujin no shi,1930,1,0.949077981
1640,Fukami fujin no shi,1930,2,0.948742815
1641,Fukami fujin no shi,1930,3,0.55783567
1642,Fukami fujin no shi,1930,4,0.916939258
1643,Fukami fujin no shi,1930,5,0.730420104
1644,Fukami fujin no shi,1930,6,0.93003487
1645,Fukami fujin no shi,1930,7,0.929941287
1646,Fukami fujin no shi,1930,8,0.905804476
1647,Fukami fujin no shi,1930,9,0.908751257
1648,Fukami fujin no shi,1930,10,0.981701717
1649,Fukami fujin no shi,1930,11,0.95380937
1650,Fukami fujin no shi,1930,12,0.534239663
1651,Fukami fujin no shi,1930,13,0.479133561
1652,Fukami fujin no shi,1930,14,0.856611583
1653,Fukami fujin no shi,1930,15,0.436553134
1654,Fukami fujin no shi,1930,16,0.87303003
1655,Fukami fujin no shi,1930,17,0.380266274
1656,Fukami fujin no shi,1930,18,0.989092418
1657,Fukami fujin no shi,1930,19,0.568265972
1658,Fukami fujin no shi,1930,20,0.915500953
1659,Fukami fujin no shi,1930,21,0.054781743
1660,Fukami fujin no shi,1930,22,0.759469951
1661,Fukami fujin no shi,1930,23,0.964374451
1662,Fukami fujin no shi,1930,24,0.11750064
1663,Fukami fujin no shi,1930,25,0.194776103
1664,Fukami fujin no shi,1930,26,0.924190777
1665,Fukami fujin no shi,1930,27,0.968550353
1666,Fukami fujin no shi,1930,28,0.266780142
1667,Tetsu no shojo,1935,0,0.982457125
1668,Tetsu no shojo,1935,1,0.998627744
1669,Tetsu no shojo,1935,2,0.972108393
1670,Tetsu no shojo,1935,3,0.925189318
1671,Tetsu no shojo,1935,4,0.598414972
1672,Tetsu no shojo,1935,5,0.018316117
1673,Tetsu no shojo,1935,6,0.970112398
1674,Tetsu no shojo,1935,7,0.664517777
1675,Tetsu no shojo,1935,8,0.634977544
1676,Tetsu no shojo,1935,9,0.86024845
1677,Tetsu no shojo,1935,10,0.973658615
1678,Tetsu no shojo,1935,11,0.853952246
1679,Tetsu no shojo,1935,12,0.792936137
1680,Tetsu no shojo,1935,13,0.986347998
1681,Tetsu no shojo,1935,14,0.226278612
1682,Tetsu no shojo,1935,15,0.737435225
1683,Tetsu no shojo,1935,16,0.89721304
1684,Tetsu no shojo,1935,17,0.796464792
1685,Tetsu no shojo,1935,18,0.990627788
1686,Tetsu no shojo,1935,19,0.796521705
1687,Tetsu no shojo,1935,20,0.9921681
1688,Tetsu no shojo,1935,21,0.76692251
1689,Botan no aru ie,1934,0,0.996780036
1690,Botan no aru ie,1934,1,0.992446957
1691,Botan no aru ie,1934,2,0.999858827
1692,Botan no aru ie,1934,3,0.998758234
1693,Botan no aru ie,1934,4,0.999262683
1694,Botan no aru ie,1934,5,0.98648433
1695,Botan no aru ie,1934,6,0.983121182
1696,Botan no aru ie,1934,7,0.930249922
1697,Botan no aru ie,1934,8,0.998165287
1698,Botan no aru ie,1934,9,0.589061881
1699,Botan no aru ie,1934,10,0.886287829
1700,Botan no aru ie,1934,11,0.981421429
1701,Botan no aru ie,1934,12,0.990996173
1702,Botan no aru ie,1934,13,0.996389039
1703,Arashi,1927,0,0.981898181
1704,Arashi,1927,1,0.995393004
1705,Arashi,1927,2,0.865906209
1706,Arashi,1927,3,0.95000931
1707,Arashi,1927,4,0.859993746
1708,Arashi,1927,5,0.988499307
1709,Arashi,1927,6,0.91999728
1710,Arashi,1927,7,0.912259579
1711,Arashi,1927,8,0.986517768
1712,Arashi,1927,9,0.890813496
1713,Arashi,1927,10,0.497763899
1714,Arashi,1927,11,0.727552168
1715,Arashi,1927,12,0.868593647
1716,Arashi,1927,13,0.972700115
1717,Arashi,1927,14,0.967593312
1718,Arashi,1927,15,0.886603866
1719,Arashi,1927,16,0.977733062
1720,Arashi,1927,17,0.982325293
1721,Arashi,1927,18,0.66842848
1722,Arashi,1927,19,0.923260682
1723,Arashi,1927,20,0.965035092
1724,Arashi,1927,21,0.788259578
1725,Arashi,1927,22,0.224026712
1726,Arashi,1927,23,0.976704367
1727,Arashi,1927,24,0.973478869
1728,Arashi,1927,25,0.869933746
1729,Arashi,1927,26,0.970804059
1730,Arashi,1927,27,0.991805079
1731,Arashi,1927,28,0.998805224
1732,Arashi,1927,29,0.987334456
1733,Arashi,1927,30,0.978041138
1734,Arashi,1927,31,0.282884998
1735,Arashi,1927,32,0.94520998
1736,Arashi,1927,33,0.950903469
1737,Arashi,1927,34,0.996553311
1738,Arashi,1927,35,0.889172297
1739,Arashi,1927,36,0.968946422
1740,Arashi,1927,37,0.966004006
1741,Arashi,1927,38,0.985830105
1742,Arashi,1927,39,0.932051484
1743,Bomoku monogatari,1931,0,0.990663136
1744,Bomoku monogatari,1931,1,0.991360629
1745,Bomoku monogatari,1931,2,0.999188769
1746,Bomoku monogatari,1931,3,0.978422905
1747,Bomoku monogatari,1931,4,0.987957101
1748,Bomoku monogatari,1931,5,0.994253476
1749,Bomoku monogatari,1931,6,0.994881283
1750,Bomoku monogatari,1931,7,0.999411974
1751,Bomoku monogatari,1931,8,0.995458268
1752,Bomoku monogatari,1931,9,0.997725119
1753,Bomoku monogatari,1931,10,0.994787671
1754,Bomoku monogatari,1931,11,0.986288408
1755,Bomoku monogatari,1931,12,0.972769721
1756,Bomoku monogatari,1931,13,0.995594923
1757,Bomoku monogatari,1931,14,0.991938962
1758,Bomoku monogatari,1931,15,0.999602119
1759,Bomoku monogatari,1931,16,0.996169792
1760,Bomoku monogatari,1931,17,0.999063029
1761,Bomoku monogatari,1931,18,0.996487464
1762,Bomoku monogatari,1931,19,0.837877398
1763,Bomoku monogatari,1931,20,0.999501909
1764,Bomoku monogatari,1931,21,0.992149917
1765,Bomoku monogatari,1931,22,0.974994307
1766,Bomoku monogatari,1931,23,0.998161038
1767,Bomoku monogatari,1931,24,0.991564089
1768,Bomoku monogatari,1931,25,0.960848243
1769,Bomoku monogatari,1931,26,0.997916513
1770,Bomoku monogatari,1931,27,0.984654851
1771,Bomoku monogatari,1931,28,0.996490899
1772,Bomoku monogatari,1931,29,0.961857722
1773,Bomoku monogatari,1931,30,0.997426703
1774,Bomoku monogatari,1931,31,0.982887781
1775,Bomoku monogatari,1931,32,0.995664442
1776,Bomoku monogatari,1931,33,0.998585807
1777,Bomoku monogatari,1931,34,0.998496214
1778,Bomoku monogatari,1931,35,0.998260423
1779,Bomoku monogatari,1931,36,0.996017128
1780,Bomoku monogatari,1931,37,0.994548134
1781,Bomoku monogatari,1931,38,0.99171454
1782,Bomoku monogatari,1931,39,0.993144509
1783,Bomoku monogatari,1931,40,0.998699286
1784,Bomoku monogatari,1931,41,0.99325338
1785,Bomoku monogatari,1931,42,0.994784402
1786,Bomoku monogatari,1931,43,0.991725683
1787,Bomoku monogatari,1931,44,0.927179774
1788,Bomoku monogatari,1931,45,0.994702231
1789,Bomoku monogatari,1931,46,0.999843225
1790,Bomoku monogatari,1931,47,0.99453054
1791,Bomoku monogatari,1931,48,0.98387
1792,Bomoku monogatari,1931,49,0.989897079
1793,Bomoku monogatari,1931,50,0.965413476
1794,Bomoku monogatari,1931,51,0.994875791
1795,Bomoku monogatari,1931,52,0.999381385
1796,Bomoku monogatari,1931,53,0.998604833
1797,Bomoku monogatari,1931,54,0.999509259
1798,Bomoku monogatari,1931,55,0.987503264
1799,Bomoku monogatari,1931,56,0.989794211
1800,Bomoku monogatari,1931,57,0.997453875
1801,Bomoku monogatari,1931,58,0.999129113
1802,Bomoku monogatari,1931,59,0.993820419
1803,Bomoku monogatari,1931,60,0.999936717
1804,Bomoku monogatari,1931,61,0.996626178
1805,Bomoku monogatari,1931,62,0.994779101
1806,Bomoku monogatari,1931,63,0.99937776
1807,Bomoku monogatari,1931,64,0.997932684
1808,Bomoku monogatari,1931,65,0.99702186
1809,Bomoku monogatari,1931,66,0.991440858
1810,Bomoku monogatari,1931,67,0.915330178
1811,Bomoku monogatari,1931,68,0.99299431
1812,Bomoku monogatari,1931,69,0.983922367
1813,Bomoku monogatari,1931,70,0.992749039
1814,Bomoku monogatari,1931,71,0.997360601
1815,Bomoku monogatari,1931,72,0.984915545
1816,Bomoku monogatari,1931,73,0.980488439
1817,Bomoku monogatari,1931,74,0.957760664
1818,Bomoku monogatari,1931,75,0.995774279
1819,Bomoku monogatari,1931,76,0.999966947
1820,Bomoku monogatari,1931,77,0.999999982
1821,Fushuu,1934,0,0.987101085
1822,Fushuu,1934,1,0.99111394
1823,Fushuu,1934,2,0.999553381
1824,Fushuu,1934,3,0.949228436
1825,Fushuu,1934,4,0.973058263
1826,Fushuu,1934,5,0.597680143
1827,Fushuu,1934,6,0.998917427
1828,Fushuu,1934,7,0.95775434
1829,Fushuu,1934,8,0.970184913
1830,Fushuu,1934,9,0.798165619
1831,Fushuu,1934,10,0.736124341
1832,Fushuu,1934,11,0.667871025
1833,Fushuu,1934,12,0.71881567
1834,Fushuu,1934,13,0.976841863
1835,Fushuu,1934,14,0.98319136
1836,Fushuu,1934,15,0.918857255
1837,"Inaka, no, jiken",1927,0,0.991034637
1838,"Inaka, no, jiken",1927,1,0.995348417
1839,"Inaka, no, jiken",1927,2,0.99631905
1840,"Inaka, no, jiken",1927,3,0.999396012
1841,"Inaka, no, jiken",1927,4,0.91341729
1842,"Inaka, no, jiken",1927,5,0.773338846
1843,"Inaka, no, jiken",1927,6,0.995871237
1844,"Inaka, no, jiken",1927,7,0.999177598
1845,"Inaka, no, jiken",1927,8,0.99827317
1846,"Inaka, no, jiken",1927,9,0.883863204
1847,"Inaka, no, jiken",1927,10,0.988630668
1848,"Inaka, no, jiken",1927,11,0.990109828
1849,"Inaka, no, jiken",1927,12,0.998430433
1850,"Inaka, no, jiken",1927,13,0.94099564
1851,"Inaka, no, jiken",1927,14,0.968242095
1852,"Inaka, no, jiken",1927,15,0.988517431
1853,"Inaka, no, jiken",1927,16,0.684806433
1854,"Inaka, no, jiken",1927,17,0.974684404
1855,"Inaka, no, jiken",1927,18,0.827066875
1856,"Inaka, no, jiken",1927,19,0.852161758
1857,"Inaka, no, jiken",1927,20,0.981967528
1858,"Inaka, no, jiken",1927,21,0.695004776
1859,"Inaka, no, jiken",1927,22,0.995114209
1860,"Inaka, no, jiken",1927,23,0.997712921
1861,"Inaka, no, jiken",1927,24,0.997938884
1862,"Inaka, no, jiken",1927,25,0.398141199
1863,"Inaka, no, jiken",1927,26,0.988726334
1864,"Inaka, no, jiken",1927,27,0.997353245
1865,"Inaka, no, jiken",1927,28,0.995305434
1866,"Inaka, no, jiken",1927,29,0.79703413
1867,"Inaka, no, jiken",1927,30,0.81549766
1868,"Inaka, no, jiken",1927,31,0.999580127
1869,"Inaka, no, jiken",1927,32,0.998486717
1870,"Inaka, no, jiken",1927,33,0.996029397
1871,"Inaka, no, jiken",1927,34,0.998434222
1872,"Inaka, no, jiken",1927,35,0.983441649
1873,"Inaka, no, jiken",1927,36,0.975642744
1874,"Inaka, no, jiken",1927,37,0.986239162
1875,"Inaka, no, jiken",1927,38,0.996441649
1876,"Inaka, no, jiken",1927,39,0.994112225
1877,"Inaka, no, jiken",1927,40,0.996211991
1878,"Inaka, no, jiken",1927,41,0.956558402
1879,"Inaka, no, jiken",1927,42,0.884234024
1880,Dark Minister,1933,0,0.996464319
1881,Dark Minister,1933,1,0.999984334
1882,Dark Minister,1933,2,0.99971544
1883,Dark Minister,1933,3,0.9993244
1884,Dark Minister,1933,4,0.995121501
1885,Dark Minister,1933,5,0.996984538
1886,Dark Minister,1933,6,0.936253949
1887,Dark Minister,1933,7,0.885864714
1888,Dark Minister,1933,8,0.962348034
1889,Dark Minister,1933,9,0.915962298
1890,Dark Minister,1933,10,0.791771941
1891,Dark Minister,1933,11,0.997464634
1892,Dark Minister,1933,12,0.951371305
1893,Dark Minister,1933,13,0.994027758
1894,Dark Minister,1933,14,0.98173848
1895,Dark Minister,1933,15,0.996153457
1896,Dark Minister,1933,16,0.997794642
1897,Dark Minister,1933,17,0.99813891
1898,Dark Minister,1933,18,0.998682897
1899,Dark Minister,1933,19,0.810253295
1900,Dark Minister,1933,20,0.998607837
1901,Dark Minister,1933,21,0.999841117
1902,Dark Minister,1933,22,0.998453259
1903,Dark Minister,1933,23,0.991281898
1904,Dark Minister,1933,24,0.998404623
1905,Dark Minister,1933,25,0.044064515
1906,Dark Minister,1933,26,0.989785048
1907,Dark Minister,1933,27,0.914079746
1908,Dark Minister,1933,28,0.995542471
1909,Dark Minister,1933,29,0.967443387
1910,Dark Minister,1933,30,0.986522898
1911,Dark Minister,1933,31,0.955259647
1912,Dark Minister,1933,32,0.984229349
1913,Dark Minister,1933,33,0.951978564
1914,Dark Minister,1933,34,0.80941212
1915,Dark Minister,1933,35,0.545069125
1916,Dark Minister,1933,36,0.976779907
1917,Dark Minister,1933,37,0.85966784
1918,Dark Minister,1933,38,0.819779567
1919,Dark Minister,1933,39,0.893473872
1920,Dark Minister,1933,40,0.998376694
1921,Dark Minister,1933,41,0.92885468
1922,Dark Minister,1933,42,0.986691301
1923,Dark Minister,1933,43,0.995948551
1924,Dark Minister,1933,44,0.997621298
1925,Dark Minister,1933,45,0.879640416
1926,Dark Minister,1933,46,0.946407211
1927,Dark Minister,1933,47,0.438817497
1928,Dark Minister,1933,48,0.941169254
1929,Dark Minister,1933,49,0.993174702
1930,Dark Minister,1933,50,0.987345387
1931,Dark Minister,1933,51,0.959528495
1932,Dark Minister,1933,52,0.993707173
1933,Dark Minister,1933,53,0.998319772
1934,Dark Minister,1933,54,0.975526961
1935,Dark Minister,1933,55,0.949784407
1936,Dark Minister,1933,56,0.997899755
1937,Dark Minister,1933,57,0.999905679
1938,Dark Minister,1933,58,0.666040537
1939,Dark Minister,1933,59,0.966365675
1940,Dark Minister,1933,60,0.993986048
1941,Dark Minister,1933,61,0.381948385
1942,Dark Minister,1933,62,0.973873302
1943,Dark Minister,1933,63,0.886493353
1944,Dark Minister,1933,64,0.999203737
1945,Dark Minister,1933,65,0.411115397
1946,Dark Minister,1933,66,0.984956808
1947,Dark Minister,1933,67,0.783905286
1948,Dark Minister,1933,68,0.977114308
1949,Dark Minister,1933,69,0.993464134
1950,Dark Minister,1933,70,0.999648151
1951,Dark Minister,1933,71,0.967148871
1952,Dark Minister,1933,72,0.999502205
1953,Dark Minister,1933,73,0.99967674
1954,Dark Minister,1933,74,0.99466346
1955,Dark Minister,1933,75,0.993068189
1956,Dark Minister,1933,76,0.999528959
1957,Dark Minister,1933,77,0.943100674
1958,Dark Minister,1933,78,0.96112741
1959,Dark Minister,1933,79,0.99584038
1960,Dark Minister,1933,80,0.995162159
1961,Dark Minister,1933,81,0.991256725
1962,Dark Minister,1933,82,0.991560153
1963,Dark Minister,1933,83,0.999201408
1964,Dark Minister,1933,84,0.973509096
1965,Dark Minister,1933,85,0.996713644
1966,Dark Minister,1933,86,0.920381517
1967,Dark Minister,1933,87,0.999742027
1968,Dark Minister,1933,88,0.948346139
1969,Dark Minister,1933,89,0.995577915
1970,Dark Minister,1933,90,0.994627398
1971,Dark Minister,1933,91,0.985191872
1972,Dark Minister,1933,92,0.997928503
1973,Dark Minister,1933,93,0.999466605
1974,Dark Minister,1933,94,0.99972408
1975,Dark Minister,1933,95,0.989150089
1976,Dark Minister,1933,96,0.529461339
1977,Dark Minister,1933,97,0.999535761
1978,Dark Minister,1933,98,0.709392742
1979,Dark Minister,1933,99,0.999994488
1980,Dark Minister,1933,100,0.999536492
1981,Dark Minister,1933,101,0.999812635
1982,Dark Minister,1933,102,0.93989371
1983,Dark Minister,1933,103,0.997803537
1984,Dark Minister,1933,104,0.998666877
1985,Dark Minister,1933,105,0.994252405
1986,Dark Minister,1933,106,0.99838195
1987,Dark Minister,1933,107,0.995561346
1988,Dark Minister,1933,108,0.998601668
1989,Dark Minister,1933,109,0.999500596
1990,Dark Minister,1933,110,0.996472008
1991,Dark Minister,1933,111,0.977772159
1992,Dark Minister,1933,112,0.988693043
1993,Dark Minister,1933,113,0.996996307
1994,Dark Minister,1933,114,0.999977306
1995,Dark Minister,1933,115,0.999553916
1996,Dark Minister,1933,116,0.999265128
1997,Dark Minister,1933,117,0.998357519
1998,Dark Minister,1933,118,0.978554782
1999,Dark Minister,1933,119,0.995014827
2000,Dark Minister,1933,120,0.645969741
2001,Dark Minister,1933,121,0.999998446
2002,Dark Minister,1933,122,0.997298733
2003,Dark Minister,1933,123,0.997428029
2004,Dark Minister,1933,124,0.999860876
2005,Dark Minister,1933,125,0.998116992
2006,Dark Minister,1933,126,0.980663054
2007,Dark Minister,1933,127,0.96056984
2008,Dark Minister,1933,128,0.85734813
2009,Dark Minister,1933,129,0.983777462
2010,Dark Minister,1933,130,0.980871049
2011,Dark Minister,1933,131,0.847740399
2012,Dark Minister,1933,132,0.912409108
2013,Dark Minister,1933,133,0.998782056
2014,Dark Minister,1933,134,0.999301318
2015,Dark Minister,1933,135,0.838799034
2016,Dark Minister,1933,136,0.998573547
2017,Dark Minister,1933,137,0.999266613
2018,Dark Minister,1933,138,0.327403198
2019,Dark Minister,1933,139,0.997109683
2020,Dark Minister,1933,140,0.993298191
2021,Dark Minister,1933,141,0.996563395
2022,Dark Minister,1933,142,0.997272804
2023,Dark Minister,1933,143,0.963952274
2024,Dark Minister,1933,144,0.943175384
2025,Dark Minister,1933,145,0.901630687
2026,Dark Minister,1933,146,0.921011365
2027,Dark Minister,1933,147,0.912859296
2028,Dark Minister,1933,148,0.947026141
2029,Dark Minister,1933,149,0.999472472
2030,Dark Minister,1933,150,0.999687156
2031,Dark Minister,1933,151,0.998239825
2032,Dark Minister,1933,152,0.995676902
2033,Dark Minister,1933,153,0.942260109
2034,Dark Minister,1933,154,0.97596289
2035,Dark Minister,1933,155,0.984854556
2036,Dark Minister,1933,156,0.846322796
2037,Dark Minister,1933,157,0.700266765
2038,Dark Minister,1933,158,0.028578777
2039,Dark Minister,1933,159,0.642768627
2040,Dark Minister,1933,160,0.958303276
2041,Dark Minister,1933,161,0.867291408
2042,Dark Minister,1933,162,0.971248051
2043,Dark Minister,1933,163,0.429312561
2044,Dark Minister,1933,164,0.998604968
2045,Dark Minister,1933,165,0.993854094
2046,Dark Minister,1933,166,0.998006778
2047,Dark Minister,1933,167,0.991846093
2048,Dark Minister,1933,168,0.124107548
2049,Dark Minister,1933,169,0.999484782
2050,Dark Minister,1933,170,0.946737907
2051,Dark Minister,1933,171,0.986172411
2052,Dark Minister,1933,172,0.960335003
2053,Dark Minister,1933,173,0.966436425
2054,Dark Minister,1933,174,0.968908492
2055,Dark Minister,1933,175,0.544628497
2056,Dark Minister,1933,176,0.992739646
2057,Dark Minister,1933,177,0.520988551
2058,Dark Minister,1933,178,0.99882423
2059,Dark Minister,1933,179,0.915241631
2060,Dark Minister,1933,180,0.561166801
2061,Dark Minister,1933,181,0.970225687
2062,Dark Minister,1933,182,0.955314345
2063,Dark Minister,1933,183,0.642985526
2064,Dark Minister,1933,184,0.767089955
2065,Dark Minister,1933,185,0.859523008
2066,Dark Minister,1933,186,0.965319057
2067,Dark Minister,1933,187,0.58159336
2068,Dark Minister,1933,188,0.975575445
2069,Dark Minister,1933,189,0.990905631
2070,Dark Minister,1933,190,0.76309477
2071,Dark Minister,1933,191,0.925236601
2072,Dark Minister,1933,192,0.275846091
2073,Dark Minister,1933,193,0.997891692
2074,Dark Minister,1933,194,0.992956111
2075,Dark Minister,1933,195,0.898009329
2076,Dark Minister,1933,196,0.124058378
2077,Dark Minister,1933,197,0.187913178
2078,Dark Minister,1933,198,0.993308005
2079,Dark Minister,1933,199,0.863718675
2080,Dark Minister,1933,200,0.996437226
2081,Dark Minister,1933,201,0.999376343
2082,Dark Minister,1933,202,0.999317821
2083,Dark Minister,1933,203,0.17480713
2084,Dark Minister,1933,204,0.647360571
2085,Dark Minister,1933,205,0.974970494
2086,Dark Minister,1933,206,0.147030821
2087,Dark Minister,1933,207,0.179961021
2088,Dark Minister,1933,208,0.600664008
2089,Dark Minister,1933,209,0.828636753
2090,Dark Minister,1933,210,0.992470971
2091,Dark Minister,1933,211,0.006989052
2092,Dark Minister,1933,212,0.999999913
2093,Dark Minister,1933,213,0.519052194
2094,Dark Minister,1933,214,0.471948447
2095,Dark Minister,1933,215,0.023415365
2096,Dark Minister,1933,216,0.998732403
2097,Dark Minister,1933,217,0.944145018
2098,Dark Minister,1933,218,0.99281482
2099,Dark Minister,1933,219,0.251490797
2100,Dark Minister,1933,220,0.997163303
2101,Dark Minister,1933,221,0.982524724
2102,Dark Minister,1933,222,0.988740456
2103,Dark Minister,1933,223,0.995926808
2104,Dark Minister,1933,224,0.963956575
2105,Dark Minister,1933,225,0.999174461
2106,Dark Minister,1933,226,0.999561137
2107,Dark Minister,1933,227,0.99944311
2108,Dark Minister,1933,228,0.987875162
2109,Dark Minister,1933,229,0.923848496
2110,Dark Minister,1933,230,0.177248684
2111,Dark Minister,1933,231,0.998617725
2112,Dark Minister,1933,232,0.999520947
2113,Dark Minister,1933,233,0.990618533
2114,Dark Minister,1933,234,0.999778997
